,episode,episode_reward,critic_loss,recon_loss,actor_loss,alpha_loss,alpha_value,duration,step,env_step
0,1.0,55.118931752076094,0.0,0.0,0.0,0.0,0.0,0.3555488586425781,125.0,1000.0
1,2.0,71.77113021230844,0.0,0.0,0.0,0.0,0.0,0.352306604385376,250.0,2000.0
2,3.0,123.71999964449455,0.0,0.0,0.0,0.0,0.0,0.3519413471221924,375.0,3000.0
3,4.0,174.31223976919514,0.0,0.0,0.0,0.0,0.0,0.3535268306732178,500.0,4000.0
4,5.0,159.27672809105133,0.0,0.0,0.0,0.0,0.0,0.35303449630737305,625.0,5000.0
5,6.0,107.61567190444293,0.0,0.0,0.0,0.0,0.0,0.3537874221801758,750.0,6000.0
6,7.0,83.87388592914097,0.0,0.0,0.0,0.0,0.0,0.35607075691223145,875.0,7000.0
7,8.0,135.03696186146954,0.0,0.0,0.0,0.0,0.0,0.36034369468688965,1000.0,8000.0
8,9.0,151.9748532607869,5.035757541656494,7.851169586181641,-4.52632999420166,0.14247673749923706,0.09509036172362056,854.7726912498474,1125.0,9000.0
9,10.0,88.67663000545592,8.27192211151123,5.72429084777832,-8.381885528564453,0.11859983205795288,0.09034388497250974,49.55942940711975,1250.0,10000.0
10,11.0,85.85211244539083,7.597343444824219,5.609025955200195,-8.781964302062988,0.12630875408649445,0.0898344961185635,56.111459732055664,1375.0,11000.0
11,12.0,86.96661791243297,7.443522930145264,5.447813987731934,-9.124722480773926,0.12641657888889313,0.08932261798553305,62.976885080337524,1500.0,12000.0
12,13.0,129.67551282872563,7.191134929656982,5.329263687133789,-9.435665130615234,0.11801718175411224,0.08883563689085024,60.384265661239624,1625.0,13000.0
13,14.0,164.61754116768827,7.579827785491943,5.189114093780518,-9.870201110839844,0.1198626384139061,0.08833113736668861,59.541383504867554,1750.0,14000.0
14,15.0,133.93172796809083,5.629045486450195,6.269049167633057,-9.536839485168457,0.14125452935695648,0.08781100634860096,55.83654165267944,1875.0,15000.0
15,16.0,207.90943311744184,2.2084484100341797,6.041673183441162,-9.873034477233887,0.14428001642227173,0.08722797893335041,54.45141053199768,2000.0,16000.0
16,17.0,225.51878445774645,2.5276050567626953,5.978484153747559,-10.534869194030762,0.1409475952386856,0.08665851082864329,52.830235958099365,2125.0,17000.0
17,18.0,72.29767986952595,3.338320255279541,6.008162021636963,-11.172494888305664,0.14258092641830444,0.08609078696880584,50.545634031295776,2250.0,18000.0
18,19.0,116.35388391740939,3.4199156761169434,5.937446594238281,-11.69198989868164,0.14255288243293762,0.08553087355688785,48.7597393989563,2375.0,19000.0
19,20.0,99.04574443180736,5.176970958709717,5.779771327972412,-11.823784828186035,0.13524138927459717,0.08498584032246513,46.83933901786804,2500.0,20000.0
20,21.0,68.76744508225875,6.121391296386719,5.587928295135498,-12.414434432983398,0.12303110957145691,0.08448476201946836,44.53788447380066,2625.0,21000.0
21,22.0,165.1674694614533,7.036069869995117,5.507441520690918,-13.07312297821045,0.11572728306055069,0.08402666795026062,58.82231259346008,2750.0,22000.0
22,23.0,163.59112010327857,7.968717575073242,5.478158473968506,-13.43163776397705,0.10970092564821243,0.08358657547883219,60.34891438484192,2875.0,23000.0
23,24.0,190.3551096324788,8.481151580810547,5.49640417098999,-13.900506019592285,0.09941599518060684,0.08318256281797184,59.04223680496216,3000.0,24000.0
24,25.0,208.24274993143618,11.020356178283691,5.484708786010742,-14.491908073425293,0.0992957279086113,0.0827839172483546,57.617908000946045,3125.0,25000.0
25,26.0,138.19399080811667,12.182793617248535,5.774835586547852,-14.323742866516113,0.12804020941257477,0.08232721038201919,56.763309955596924,3250.0,26000.0
26,27.0,231.77121658990967,9.1210355758667,5.424275875091553,-14.432165145874023,0.0977153405547142,0.08187339872406123,54.67442846298218,3375.0,27000.0
27,28.0,136.71420105998055,9.902016639709473,5.459394454956055,-15.108589172363281,0.09098106622695923,0.08151226163223603,54.58669424057007,3500.0,28000.0
28,29.0,177.99423573676512,8.817217826843262,5.52493953704834,-15.939409255981445,0.09780681133270264,0.08111797824545161,51.90869998931885,3625.0,29000.0
29,30.0,159.0133822447362,9.411415100097656,5.429845333099365,-16.637462615966797,0.08193131536245346,0.08073888131120065,49.852280378341675,3750.0,30000.0
30,31.0,117.23472586028981,8.390117645263672,5.408653736114502,-17.21733856201172,0.08491393178701401,0.08040070349838847,44.85905742645264,3875.0,31000.0
31,32.0,234.5357207801688,8.225264549255371,5.291229724884033,-17.795167922973633,0.08609943091869354,0.08004197716922826,44.714521408081055,4000.0,32000.0
32,33.0,236.94881036481138,8.53475570678711,5.2935261726379395,-18.52751350402832,0.07429970055818558,0.07970286537319893,53.58605980873108,4125.0,33000.0
33,34.0,196.87102296412684,8.912375450134277,5.310564041137695,-19.128944396972656,0.06863567233085632,0.079391830082203,56.01007032394409,4250.0,34000.0
34,35.0,194.46405438494298,8.46909236907959,5.281318187713623,-19.744630813598633,0.0633467435836792,0.0790967502977686,55.55520844459534,4375.0,35000.0
35,36.0,243.21703212614463,9.56145191192627,5.278994560241699,-20.431638717651367,0.06131823733448982,0.07881910372255913,53.0171115398407,4500.0,36000.0
36,37.0,179.2147282304073,10.87037467956543,5.286592960357666,-21.302934646606445,0.053633954375982285,0.0785599729497743,49.915968894958496,4625.0,37000.0
37,38.0,169.20417964574042,10.323383331298828,5.191431522369385,-22.059110641479492,0.055251020938158035,0.0783054768629715,48.447083473205566,4750.0,38000.0
38,39.0,200.9191289219071,11.803916931152344,5.198986530303955,-22.77262306213379,0.05019297078251839,0.07804889882165476,46.736817836761475,4875.0,39000.0
39,40.0,168.4594907450804,11.85207462310791,5.237712383270264,-23.57930564880371,0.03916635736823082,0.07781991849182655,45.516645431518555,5000.0,40000.0
40,41.0,181.81121362317725,15.412633895874023,5.3301568031311035,-24.30254554748535,0.007473160047084093,0.07771803318523188,44.410266637802124,5125.0,41000.0
41,42.0,250.66977715139652,15.948074340820312,5.400822639465332,-25.317411422729492,0.005594061687588692,0.07768433513077666,52.24598407745361,5250.0,42000.0
42,43.0,179.41757346759712,13.504701614379883,5.40431547164917,-26.106340408325195,0.006198324728757143,0.07766039367253602,60.961297035217285,5375.0,43000.0
43,44.0,178.3352816836926,15.099568367004395,5.391619682312012,-27.13711929321289,0.0064340392127633095,0.07762027996921218,58.51523804664612,5500.0,44000.0
44,45.0,192.28219675200518,12.897421836853027,5.329550743103027,-27.96433448791504,0.004443744663149118,0.07758763604318114,57.43890118598938,5625.0,45000.0
45,46.0,211.349656287624,13.271368026733398,5.317887306213379,-28.558155059814453,0.008098370395600796,0.07755975709722841,56.40531945228577,5750.0,46000.0
46,47.0,219.65695154216695,13.642719268798828,5.351550579071045,-28.948402404785156,0.008389820344746113,0.07750981047267494,54.875704765319824,5875.0,47000.0
47,48.0,181.66306603918144,17.038372039794922,5.465653419494629,-29.83730697631836,0.019315842539072037,0.07742356477682683,53.99258780479431,6000.0,48000.0
48,49.0,181.50072552104305,12.188788414001465,5.347716331481934,-30.446992874145508,0.020316006615757942,0.07729270476565069,52.76987075805664,6125.0,49000.0
49,50.0,170.2562655071091,12.252458572387695,5.363821029663086,-30.869733810424805,0.020230885595083237,0.07715354805463545,46.383707761764526,6250.0,50000.0
50,51.0,183.64216305471572,13.106124877929688,5.360930442810059,-31.635908126831055,0.017601478844881058,0.07703310050228963,44.39755868911743,6375.0,51000.0
51,52.0,238.02238052936215,12.693717002868652,5.319769859313965,-32.331016540527344,0.020879080519080162,0.07690131006304571,44.76053047180176,6500.0,52000.0
52,53.0,224.82875519570413,11.927695274353027,5.308488845825195,-32.960548400878906,0.021351737901568413,0.07674533301834616,45.412353515625,6625.0,53000.0
53,54.0,215.84018274664987,11.435545921325684,5.3138580322265625,-33.65046691894531,0.023157436400651932,0.07659397226052922,49.338266134262085,6750.0,54000.0
54,55.0,200.95645538247192,12.268047332763672,5.252496242523193,-34.464141845703125,0.02436896786093712,0.07641163059240784,47.635010957717896,6875.0,55000.0
55,56.0,206.58202753385248,12.908367156982422,5.276544094085693,-35.10564041137695,0.024630265310406685,0.07622091688897109,47.25361371040344,7000.0,56000.0
56,57.0,198.0522980319175,11.82692813873291,5.253334999084473,-36.0062141418457,0.02265814319252968,0.07603417096098473,46.39221787452698,7125.0,57000.0
57,58.0,243.71407189257894,12.806084632873535,5.257350921630859,-36.634769439697266,0.023382671177387238,0.0758538670171711,45.5290949344635,7250.0,58000.0
58,59.0,198.40086946265504,13.068717956542969,5.273974895477295,-37.39805221557617,0.02225855365395546,0.07566639784012347,45.4863862991333,7375.0,59000.0
59,60.0,194.44916207796808,12.245251655578613,5.236891269683838,-38.07948684692383,0.02603483945131302,0.07546581548373839,45.50703048706055,7500.0,60000.0
60,61.0,219.4803417091693,11.660867691040039,5.271265029907227,-38.83961868286133,0.025552595034241676,0.07523661697823641,44.67939209938049,7625.0,61000.0
61,62.0,229.89066423836763,11.87918472290039,5.2100749015808105,-39.621803283691406,0.028093360364437103,0.07501582856064386,45.62981915473938,7750.0,62000.0
62,63.0,228.97615756182736,12.228039741516113,5.227694511413574,-40.20634841918945,0.029764289036393166,0.07474573469413168,58.073402404785156,7875.0,63000.0
63,64.0,182.64786354711387,11.903334617614746,5.235378265380859,-41.001220703125,0.02853003703057766,0.07448434382141891,56.86220574378967,8000.0,64000.0
64,65.0,201.33526294797778,12.236687660217285,5.272646903991699,-41.618499755859375,0.025277210399508476,0.07423134853506944,54.67216920852661,8125.0,65000.0
65,66.0,251.20784162378473,12.481878280639648,5.186135768890381,-42.28224563598633,0.024090426042675972,0.07400431226520818,53.91177225112915,8250.0,66000.0
66,67.0,231.33551995526403,12.137057304382324,5.226218223571777,-43.148536682128906,0.020156007260084152,0.07378676572672598,53.83195185661316,8375.0,67000.0
67,68.0,264.3558042196404,12.418025016784668,5.176858901977539,-43.83303451538086,0.02751687914133072,0.07356825202206642,51.55732536315918,8500.0,68000.0
68,69.0,263.1706724247161,12.246424674987793,5.184015274047852,-44.61296844482422,0.02286432310938835,0.07331208000273953,49.978479623794556,8625.0,69000.0
69,70.0,236.28570579390885,13.507621765136719,5.19148063659668,-45.35732650756836,0.021380895748734474,0.07308226079239039,45.524012088775635,8750.0,70000.0
70,71.0,222.72413890190836,12.44388198852539,5.123991012573242,-46.11830139160156,0.019191673025488853,0.07287183640951468,44.57885766029358,8875.0,71000.0
71,72.0,189.76323889355334,13.81481647491455,5.1822075843811035,-47.01978302001953,0.019581332802772522,0.07267506616434574,45.048600912094116,9000.0,72000.0
72,73.0,203.68329034816705,14.63455867767334,5.13485860824585,-47.77750015258789,0.019205700606107712,0.07245946434699665,45.25480556488037,9125.0,73000.0
73,74.0,180.7805304526287,12.764501571655273,5.140003681182861,-48.29851531982422,0.02072865143418312,0.0722400494560643,45.153825521469116,9250.0,74000.0
74,75.0,203.683380867915,12.087726593017578,5.171555519104004,-49.08599853515625,0.0222435612231493,0.07202007736288159,45.57941746711731,9375.0,75000.0
75,76.0,260.5806800578607,12.943832397460938,5.116488456726074,-49.691558837890625,0.02446073293685913,0.07173583806109514,45.31125259399414,9500.0,76000.0
76,77.0,212.5392816475612,12.892769813537598,5.138636112213135,-50.328773498535156,0.01934940740466118,0.07150116917540232,45.51970291137695,9625.0,77000.0
77,78.0,301.77947507716334,12.884038925170898,5.126551151275635,-50.99335861206055,0.023024842143058777,0.07125731750504163,45.226069927215576,9750.0,78000.0
78,79.0,208.81523289638852,12.54580020904541,5.094508647918701,-51.80686569213867,0.017997344955801964,0.07100558807337258,45.376041889190674,9875.0,79000.0
79,80.0,218.18690282738493,14.579461097717285,5.1285881996154785,-52.691184997558594,0.020378850400447845,0.07077755487769782,45.30360269546509,10000.0,80000.0
80,81.0,239.40422175985665,15.041360855102539,5.149534225463867,-53.50925827026367,0.013259967789053917,0.07059109233564223,44.703137159347534,10125.0,81000.0
81,82.0,222.07705022431588,11.732674598693848,5.076523780822754,-53.9427375793457,0.02006997913122177,0.07036767127877618,44.73733401298523,10250.0,82000.0
82,83.0,267.8585546095547,13.665209770202637,5.115194797515869,-54.91103744506836,0.012252497486770153,0.07014097311992698,49.549758195877075,10375.0,83000.0
83,84.0,230.2912638983402,12.600852012634277,5.041662216186523,-55.57319641113281,0.015635469928383827,0.06998391659256065,54.461050510406494,10500.0,84000.0
84,85.0,259.0103186776422,12.11196517944336,5.0935235023498535,-56.31355667114258,0.01964479126036167,0.06974658958972745,53.21508836746216,10625.0,85000.0
85,86.0,194.92792826563868,12.667468070983887,5.000174522399902,-56.933692932128906,0.018483420833945274,0.06948943395561816,51.49878191947937,10750.0,86000.0
86,87.0,219.3127950286178,11.586213111877441,5.069362163543701,-57.51205062866211,0.017988933250308037,0.06922702654851517,50.826844215393066,10875.0,87000.0
87,88.0,242.84302287664786,10.601322174072266,5.03983211517334,-58.237396240234375,0.017638681456446648,0.06899479179071867,49.49359440803528,11000.0,88000.0
88,89.0,233.3587208148266,11.805145263671875,5.027958869934082,-58.984649658203125,0.015140286646783352,0.06874160783069402,48.63501477241516,11125.0,89000.0
89,90.0,244.23201342558636,11.89978313446045,5.034644603729248,-59.70338439941406,0.013907021842896938,0.06854632810756313,45.774216413497925,11250.0,90000.0
90,91.0,169.70283256085474,11.633204460144043,5.000683307647705,-60.320987701416016,0.016337456181645393,0.06833307204190095,44.79419469833374,11375.0,91000.0
91,92.0,227.1262893593288,12.286492347717285,5.046300411224365,-60.934871673583984,0.01671237125992775,0.06809547314602993,44.931023597717285,11500.0,92000.0
92,93.0,214.01796810533423,11.852457046508789,4.995782852172852,-61.64872741699219,0.01542095560580492,0.06784763360964621,45.138155698776245,11625.0,93000.0
93,94.0,214.53845186902385,11.797332763671875,5.008103847503662,-62.35557556152344,0.014841817319393158,0.06761924146849152,45.416513204574585,11750.0,94000.0
94,95.0,212.0780446347724,12.594134330749512,4.916278839111328,-62.921730041503906,0.014563579112291336,0.06738872619815633,45.50813269615173,11875.0,95000.0
95,96.0,266.24198102127883,11.53536319732666,5.0118632316589355,-63.70341491699219,0.01166739035397768,0.0671892612950504,45.60436701774597,12000.0,96000.0
96,97.0,241.70937794838008,11.663036346435547,4.967138767242432,-64.31515502929688,0.012541740201413631,0.06700567733743147,45.44546890258789,12125.0,97000.0
97,98.0,229.1260809844523,12.077625274658203,4.93589448928833,-65.15316772460938,0.012869175523519516,0.06679512617571323,45.77908182144165,12250.0,98000.0
98,99.0,213.6817855216396,11.558859825134277,4.924026012420654,-65.74066925048828,0.010369802825152874,0.06660972303617253,45.597116470336914,12375.0,99000.0
99,100.0,222.4430511469165,10.914387702941895,4.881551265716553,-66.40284729003906,0.009872724302113056,0.06643579673263325,45.45193791389465,12500.0,100000.0
100,101.0,211.08237297854262,11.958467483520508,4.90648078918457,-67.01465606689453,0.008737229742109776,0.06626326710783724,160.5529761314392,12625.0,101000.0
101,102.0,198.81797961046624,11.75843620300293,4.846131801605225,-67.72842407226562,0.006903897039592266,0.06614663699809188,56.32890343666077,12750.0,102000.0
102,103.0,287.3180601984139,12.182703971862793,4.8772196769714355,-68.22493743896484,0.005734394304454327,0.06602522409460322,55.46281719207764,12875.0,103000.0
103,104.0,229.0551676815238,11.7708158493042,4.862614154815674,-68.92105102539062,0.004607073497027159,0.06591282591737377,52.05886268615723,13000.0,104000.0
104,105.0,244.68417035425708,12.814789772033691,4.854570388793945,-69.73082733154297,0.005631105974316597,0.0658283162245652,50.86222052574158,13125.0,105000.0
105,106.0,221.71589312165935,12.15688705444336,4.876846790313721,-70.34330749511719,0.008394977077841759,0.06569272852395514,50.02365756034851,13250.0,106000.0
106,107.0,285.14796317955916,13.584100723266602,4.907040119171143,-70.97626495361328,0.0029432738665491343,0.06557193774980548,49.06238675117493,13375.0,107000.0
107,108.0,243.02156755517885,13.073966979980469,4.881223201751709,-71.51598358154297,0.010177990421652794,0.06544738458218337,46.97541117668152,13500.0,108000.0
108,109.0,241.43606742598428,11.250653266906738,4.8085503578186035,-72.23546600341797,0.0006576527375727892,0.06534348423433384,45.91679787635803,13625.0,109000.0
109,110.0,289.13109885650965,11.341899871826172,4.800957679748535,-72.93107604980469,0.006322353146970272,0.06527225255450231,45.59537434577942,13750.0,110000.0
110,111.0,226.25780280844995,11.385208129882812,4.773555278778076,-73.50975799560547,0.005700861569494009,0.0651397643720091,44.919214487075806,13875.0,111000.0
111,112.0,269.11657934697934,12.036341667175293,4.746614456176758,-74.1633071899414,0.0051054260693490505,0.06502239162087557,45.03000521659851,14000.0,112000.0
112,113.0,241.09519586361384,13.915122032165527,5.60939359664917,-73.63583374023438,0.022564677521586418,0.06483472755273643,48.15191626548767,14125.0,113000.0
113,114.0,132.51838937489867,4.904653549194336,5.439416408538818,-74.42820739746094,0.03476961702108383,0.0642082807450585,45.77924990653992,14250.0,114000.0
114,115.0,232.49640836165418,7.027500152587891,5.1240363121032715,-75.6352767944336,0.03064032457768917,0.06357519009090988,45.464515686035156,14375.0,115000.0
115,116.0,342.0740079567434,11.24614429473877,4.947512149810791,-76.59949493408203,0.017270542681217194,0.06316987665271918,45.646090507507324,14500.0,116000.0
116,117.0,189.8786752177957,14.086315155029297,4.884030342102051,-77.13960266113281,0.003368925768882036,0.06300871854589435,45.50763821601868,14625.0,117000.0
117,118.0,184.0652374652338,15.542023658752441,4.929137706756592,-77.6509780883789,-0.0006776399095542729,0.0629748984638371,45.19069027900696,14750.0,118000.0
118,119.0,263.6873266819327,13.50765323638916,4.857511520385742,-78.32047271728516,-0.003797948593273759,0.06304421968995659,45.389386892318726,14875.0,119000.0
119,120.0,211.1822071249606,13.608399391174316,4.8098464012146,-78.84046173095703,0.0005414800252765417,0.0630791657873926,45.479966163635254,15000.0,120000.0
120,121.0,231.2379458891486,13.465696334838867,4.784309387207031,-79.64923858642578,0.0031360310968011618,0.06304501877275992,44.829009771347046,15125.0,121000.0
121,122.0,194.8836971581707,15.112377166748047,4.830897808074951,-80.0719223022461,-0.002741830423474312,0.06300622432177085,44.708160161972046,15250.0,122000.0
122,123.0,220.2693008791926,13.04277515411377,4.805694103240967,-80.49099731445312,-0.0031462786719202995,0.06307416754571851,45.441052198410034,15375.0,123000.0
123,124.0,222.974618277326,12.963788986206055,4.784033298492432,-81.10318756103516,-0.004995731171220541,0.06317797490302186,45.240819454193115,15500.0,124000.0
124,125.0,217.31388109731012,13.920003890991211,4.814995288848877,-81.66410064697266,-0.000615082448348403,0.06319212855449613,45.324684858322144,15625.0,125000.0
125,126.0,171.45600695361364,12.339816093444824,4.79408073425293,-82.15531158447266,-0.00449318578466773,0.06327892318066236,45.363303899765015,15750.0,126000.0
126,127.0,242.5447423816285,14.1320219039917,4.850561141967773,-82.90394592285156,0.0007398948655463755,0.06331114087769354,45.510860204696655,15875.0,127000.0
127,128.0,208.43555557324578,14.956693649291992,4.823943138122559,-83.14071655273438,0.0002986934850923717,0.06332218158555657,45.369824171066284,16000.0,128000.0
128,129.0,229.88632247533522,13.583647727966309,4.825517654418945,-83.7017822265625,0.0013337767450138927,0.06328748919752201,45.4553017616272,16125.0,129000.0
129,130.0,234.30730805843072,11.906657218933105,4.780072212219238,-84.16522979736328,0.0006281051319092512,0.0632839985627169,45.38302159309387,16250.0,130000.0
130,131.0,274.111421841924,13.772899627685547,4.842202186584473,-84.72187805175781,-0.002188705140724778,0.0632745847166341,44.68872785568237,16375.0,131000.0
131,132.0,260.0616657692408,14.290218353271484,4.798478126525879,-85.00089263916016,-0.0036326213739812374,0.06336299066772474,44.74310064315796,16500.0,132000.0
132,133.0,238.83921258893514,14.245798110961914,4.80318021774292,-85.70835876464844,-0.0033639101311564445,0.06344793734794507,45.15410804748535,16625.0,133000.0
133,134.0,203.8860396772691,13.034357070922852,4.776371002197266,-86.04735565185547,-0.005605635233223438,0.06354364730600603,45.57384419441223,16750.0,134000.0
134,135.0,225.47737770249364,12.264931678771973,4.729244232177734,-86.71446990966797,0.001163426204584539,0.06357248661485769,45.33864665031433,16875.0,135000.0
135,136.0,269.22693003016343,12.36257553100586,4.776870250701904,-87.2076644897461,-0.006181363947689533,0.06368712123387624,45.39320087432861,17000.0,136000.0
136,137.0,249.23247736005004,12.2902193069458,4.753145217895508,-87.77265167236328,-0.003276032628491521,0.063785096766902,45.34596133232117,17125.0,137000.0
137,138.0,294.6144972605512,17.255443572998047,4.8117852210998535,-88.34883880615234,-0.002397440606728196,0.06385921627843612,45.53065061569214,17250.0,138000.0
138,139.0,205.54479731945094,12.691929817199707,4.703104019165039,-88.80669403076172,-0.0030856875237077475,0.06393025625271022,45.511268854141235,17375.0,139000.0
139,140.0,311.81206149952743,11.732571601867676,4.677192687988281,-89.35176086425781,0.0030235564336180687,0.06394523286181493,45.348729848861694,17500.0,140000.0
140,141.0,217.167990480691,11.524897575378418,4.666766166687012,-89.6843032836914,0.004441304598003626,0.06381897154597703,44.6186740398407,17625.0,141000.0
141,142.0,214.016655321205,14.18097972869873,4.7484917640686035,-90.21751403808594,-0.00753504503518343,0.06382674203900232,44.90203928947449,17750.0,142000.0
142,143.0,372.2548129842529,12.685396194458008,4.688967227935791,-90.86722564697266,-0.0003932297695428133,0.06398181779247447,45.32494759559631,17875.0,143000.0
143,144.0,293.3320003542985,14.022207260131836,4.662295818328857,-91.22676849365234,0.0032653948292136192,0.06396061853899643,45.596463680267334,18000.0,144000.0
144,145.0,209.4255927919417,12.4828519821167,4.660242557525635,-91.8673324584961,-0.0025191176682710648,0.06393542398176641,45.49158334732056,18125.0,145000.0
145,146.0,281.465153263141,13.148253440856934,4.633094310760498,-92.45801544189453,-0.0005230163224041462,0.06400742192131419,45.62854862213135,18250.0,146000.0
146,147.0,303.0115240531103,22.472003936767578,4.775362014770508,-93.23218536376953,0.0011560467537492514,0.0639296790141973,45.417930603027344,18375.0,147000.0
147,148.0,295.5869474081774,17.018630981445312,4.737127780914307,-93.76699829101562,-0.01000729389488697,0.06406986245138253,45.52794671058655,18500.0,148000.0
148,149.0,279.6533152441385,12.86174488067627,4.724581241607666,-93.87466430664062,-0.0010131928138434887,0.06429424865877592,45.97496032714844,18625.0,149000.0
149,150.0,225.31372154802048,13.455751419067383,4.636733055114746,-94.35111999511719,-0.0015691715525463223,0.06430492000235723,45.87419009208679,18750.0,150000.0
150,151.0,254.44982494595607,12.484736442565918,4.602224826812744,-94.95484924316406,0.0007129491423256695,0.06435641455148064,44.57628846168518,18875.0,151000.0
151,152.0,247.90692036982023,15.091490745544434,4.628053665161133,-95.58883666992188,-0.002305154222995043,0.06437213856767651,45.14115285873413,19000.0,152000.0
152,153.0,265.32463339384077,16.228187561035156,4.7051239013671875,-96.24554443359375,0.0010556586785241961,0.06434794765593557,45.30985498428345,19125.0,153000.0
153,154.0,258.78877362439295,13.13630199432373,4.621850967407227,-96.65045928955078,0.0012020228896290064,0.06433962075362983,45.702271938323975,19250.0,154000.0
154,155.0,214.94417098466897,13.446305274963379,4.573117256164551,-97.18718719482422,-0.002001318149268627,0.06433607347942832,45.96680569648743,19375.0,155000.0
155,156.0,274.1579206559564,14.436453819274902,4.590287208557129,-97.81104278564453,0.0009750895551405847,0.06435478958888295,45.78654408454895,19500.0,156000.0
156,157.0,337.98477260977825,18.410120010375977,4.646862030029297,-98.49845886230469,-0.0017381857614964247,0.06437520170858123,45.72061634063721,19625.0,157000.0
157,158.0,235.3963712396504,18.660184860229492,4.645413398742676,-98.99980163574219,-0.00038738694274798036,0.06441902955822994,45.34822869300842,19750.0,158000.0
158,159.0,261.27330909459425,16.613000869750977,4.689931869506836,-99.39999389648438,-0.0032001142390072346,0.06447395291492465,45.500710248947144,19875.0,159000.0
159,160.0,274.7132220802527,14.473551750183105,4.585427284240723,-99.92223358154297,-0.00015131373947951943,0.06455641149127657,45.63413906097412,20000.0,160000.0
160,161.0,315.81382687876356,14.52694320678711,4.513988018035889,-100.2397232055664,0.0006942235631868243,0.06451864740702683,44.746323585510254,20125.0,161000.0
161,162.0,298.67745742825383,19.53489112854004,4.640805244445801,-100.94672393798828,-0.007098658010363579,0.06460779842070885,44.659658432006836,20250.0,162000.0
162,163.0,348.41651088041624,16.077543258666992,4.556389808654785,-101.47139739990234,-0.003755921730771661,0.06485233582287564,45.50823497772217,20375.0,163000.0
163,164.0,258.4046645963796,14.516289710998535,4.537140846252441,-101.82750701904297,-0.0061155748553574085,0.0650002517785908,45.44701671600342,20500.0,164000.0
164,165.0,297.9701691543025,17.134885787963867,4.5339531898498535,-102.39599609375,-0.0010166220599785447,0.06515683744551931,45.45995807647705,20625.0,165000.0
165,166.0,242.34958495431675,18.281471252441406,4.60443639755249,-102.94489288330078,-0.006887106690555811,0.06527431735913387,45.39556336402893,20750.0,166000.0
166,167.0,293.7301021321497,15.765172958374023,4.4957733154296875,-103.41755676269531,-0.002598437713459134,0.06544572441480774,45.753214597702026,20875.0,167000.0
167,168.0,253.01232596081005,17.090242385864258,4.499549388885498,-103.92216491699219,-0.007317847106605768,0.06558461142441849,45.09272336959839,21000.0,168000.0
168,169.0,298.34306981006887,17.208328247070312,4.524834156036377,-104.5256576538086,-0.002122128615155816,0.06576176925586755,45.535475730895996,21125.0,169000.0
169,170.0,487.8275610869237,21.6533260345459,4.5603203773498535,-105.00102996826172,-0.002847065683454275,0.06589903709396518,45.67569160461426,21250.0,170000.0
170,171.0,311.2954248961827,16.565401077270508,4.568431854248047,-105.70954132080078,0.0028195639606565237,0.06586931127255537,44.657960653305054,21375.0,171000.0
171,172.0,231.31932380869836,16.90251350402832,4.4819560050964355,-106.08782196044922,-0.00517671462148428,0.065919847076851,44.65293908119202,21500.0,172000.0
172,173.0,265.59362596773656,17.372180938720703,4.498869895935059,-106.5967025756836,-0.006680786609649658,0.06615992273249358,45.09680676460266,21625.0,173000.0
173,174.0,272.54184155933245,18.06126594543457,4.478652477264404,-107.03091430664062,-0.0065061552450060844,0.06641375670896543,45.58219504356384,21750.0,174000.0
174,175.0,276.8516302868036,19.21280288696289,4.480836868286133,-107.47083282470703,-0.005718869622796774,0.06658975151878922,45.788477182388306,21875.0,175000.0
175,176.0,330.4106915359868,18.92500114440918,4.521695137023926,-108.10894012451172,-0.003201449988409877,0.06675954649703901,45.52246356010437,22000.0,176000.0
176,177.0,275.28601431538516,19.069202423095703,4.471897125244141,-108.59757995605469,-0.004316171631217003,0.06690964798271638,45.68993020057678,22125.0,177000.0
177,178.0,286.1481330779144,19.490591049194336,4.4413652420043945,-108.69136810302734,-0.0009685133118182421,0.06702363742326814,45.62727880477905,22250.0,178000.0
178,179.0,234.78627265964622,20.459598541259766,4.506621837615967,-109.37600708007812,-0.007707866840064526,0.06721650727371022,45.870450019836426,22375.0,179000.0
179,180.0,322.05277428494804,22.799497604370117,4.495523452758789,-110.00706481933594,-0.002974453382194042,0.06740248778641975,45.869431018829346,22500.0,180000.0
180,181.0,233.32733724065375,29.43877410888672,4.572164535522461,-111.25336456298828,-0.0038552319165319204,0.06756719305141634,44.626792669296265,22625.0,181000.0
181,182.0,331.7793375547216,28.714935302734375,4.479518890380859,-112.10022735595703,0.011449870653450489,0.06737278662797223,44.55106329917908,22750.0,182000.0
182,183.0,261.2415870780091,25.57900047302246,4.564984321594238,-111.80931091308594,0.007347141392529011,0.0670752439835273,44.980937242507935,22875.0,183000.0
183,184.0,318.76343020573927,21.52944564819336,4.553351879119873,-112.34615325927734,0.003228390822187066,0.06683014309963058,44.99150609970093,23000.0,184000.0
184,185.0,265.88224688758055,20.05962562561035,4.442808151245117,-112.87271881103516,-0.0026806783862411976,0.06682461741598202,45.37608575820923,23125.0,185000.0
185,186.0,321.9801654446271,19.820343017578125,4.474188327789307,-113.18940734863281,-0.0026636202819645405,0.06694433769053014,45.193785190582275,23250.0,186000.0
186,187.0,324.7820629895397,19.599571228027344,4.4378862380981445,-113.87709045410156,-0.005804532673209906,0.06705659960618618,45.70051598548889,23375.0,187000.0
187,188.0,211.25650214782823,22.414018630981445,4.457764625549316,-114.31906127929688,-0.005947265308350325,0.06731760081593746,45.5951509475708,23500.0,188000.0
188,189.0,216.0059215072868,25.59844970703125,4.488452911376953,-114.89762115478516,-0.0059686326421797276,0.06755214150185901,45.73220133781433,23625.0,189000.0
189,190.0,318.25090956482654,22.005760192871094,4.488033294677734,-115.49544525146484,-0.009208657778799534,0.06784439501213838,45.50973439216614,23750.0,190000.0
190,191.0,371.21993558755315,21.423681259155273,4.408970355987549,-115.9441909790039,-0.012940388172864914,0.06830305639706946,44.528420209884644,23875.0,191000.0
191,192.0,415.62894932244654,23.930410385131836,4.444607257843018,-116.3697280883789,-0.010743598453700542,0.06869887611022697,44.398215532302856,24000.0,192000.0
192,193.0,275.26114153543426,22.182973861694336,4.408591270446777,-116.86946868896484,-0.005713003687560558,0.06902124653615807,45.08478617668152,24125.0,193000.0
193,194.0,228.2246446267505,22.817655563354492,4.386144161224365,-117.47083282470703,-0.00441668601706624,0.06922107753933214,45.144277811050415,24250.0,194000.0
194,195.0,211.23779678873188,23.095457077026367,4.349555492401123,-117.5885238647461,-0.003922920674085617,0.06931881619233275,45.293965101242065,24375.0,195000.0
195,196.0,258.2094157625513,30.487552642822266,4.513741970062256,-118.23514556884766,-0.006034784484654665,0.06954848301204293,45.237791299819946,24500.0,196000.0
196,197.0,328.193950189395,22.871583938598633,4.388441562652588,-118.62823486328125,-0.0084663275629282,0.06981261892696687,45.69756770133972,24625.0,197000.0
197,198.0,453.1292386593882,26.01374626159668,4.36828088760376,-118.98271942138672,-0.008508827537298203,0.070140432371164,45.90601921081543,24750.0,198000.0
198,199.0,242.34126244975855,25.711029052734375,4.364470958709717,-119.66535186767578,-0.009685277938842773,0.07045253502476594,45.59691333770752,24875.0,199000.0
199,200.0,262.6356046008018,26.790821075439453,4.350753307342529,-120.25440979003906,-0.013229435309767723,0.070905705605142,45.40748906135559,25000.0,200000.0
200,201.0,286.23657600066815,26.847124099731445,4.357614040374756,-120.82939910888672,-0.013077362440526485,0.07143545445499075,74.1182279586792,25125.0,201000.0
201,202.0,347.2427292205012,26.949689865112305,4.370754718780518,-120.9300308227539,-0.007392469793558121,0.07183719933686972,44.68609642982483,25250.0,202000.0
202,203.0,372.8956803838312,30.78721809387207,4.403956413269043,-121.83252716064453,-0.0029355050064623356,0.07202249033429352,75.55739998817444,25375.0,203000.0
203,204.0,308.36691728744523,75.5798110961914,5.030837059020996,-123.24473571777344,-0.0005515415105037391,0.07212068702140569,45.099252223968506,25500.0,204000.0
204,205.0,366.0252235176444,33.457645416259766,4.61431884765625,-124.52392578125,0.006197053473442793,0.07196203421970199,45.170207262039185,25625.0,205000.0
205,206.0,286.50670360854747,32.41120529174805,4.503717422485352,-124.77129364013672,0.0028408775106072426,0.07176306296312154,45.07366228103638,25750.0,206000.0
206,207.0,252.69263909122174,33.72732925415039,4.5565619468688965,-124.94686889648438,0.005068559665232897,0.07162735333333384,71.61109232902527,25875.0,207000.0
207,208.0,235.79719895241163,31.588741302490234,4.610605239868164,-124.70790100097656,0.0032308201771229506,0.07145881866756819,45.711254596710205,26000.0,208000.0
208,209.0,349.80721652136185,25.504592895507812,4.564467430114746,-125.08518981933594,-0.0014546504244208336,0.07144655794970445,45.49630546569824,26125.0,209000.0
209,210.0,395.3631175338763,26.848108291625977,4.548579692840576,-125.61866760253906,0.0003135204315185547,0.07147140529443849,45.715575218200684,26250.0,210000.0
210,211.0,431.923363890945,27.15467071533203,4.506925582885742,-125.93545532226562,-0.0066102673299610615,0.07155765643453016,44.63849329948425,26375.0,211000.0
211,212.0,289.6065731145182,26.03533935546875,4.430109977722168,-126.56328582763672,-0.005077573470771313,0.07183206620489041,44.393380880355835,26500.0,212000.0
212,213.0,215.32043703770643,25.021072387695312,4.4437994956970215,-126.9406509399414,-0.00578966224566102,0.07206246250987032,45.12877821922302,26625.0,213000.0
213,214.0,394.36573643435946,26.528295516967773,4.412543773651123,-127.4630355834961,-0.009791593067348003,0.0723255119266455,45.43294072151184,26750.0,214000.0
214,215.0,294.6813290431166,31.013660430908203,4.435226917266846,-128.20370483398438,-0.010553289204835892,0.07269544000441938,45.43361854553223,26875.0,215000.0
215,216.0,390.0556014498804,38.166812896728516,4.605037689208984,-129.2452392578125,-0.00012765824794769287,0.07288414846974334,45.57592296600342,27000.0,216000.0
216,217.0,166.19812502539477,28.055418014526367,4.43417501449585,-129.08505249023438,-0.0055698128417134285,0.07294946652629876,45.50302600860596,27125.0,217000.0
217,218.0,302.80498796800634,28.143505096435547,4.415572643280029,-129.2234649658203,-0.005000010132789612,0.07313401242619308,45.5600745677948,27250.0,218000.0
218,219.0,344.33779650997474,26.881099700927734,4.443718433380127,-129.80763244628906,-0.005664162337779999,0.07340941156210304,45.73677635192871,27375.0,219000.0
219,220.0,329.0735716718036,29.579524993896484,4.454047679901123,-130.39764404296875,-0.007983144372701645,0.07366261736214068,45.46093988418579,27500.0,220000.0
220,221.0,390.27783209019134,44.24278259277344,4.618005752563477,-131.82334899902344,-0.0031587700359523296,0.07388359835004903,44.72578144073486,27625.0,221000.0
221,222.0,259.1456482380902,36.0478630065918,4.6314849853515625,-131.70526123046875,-0.0009848688496276736,0.07392775529735998,44.71763062477112,27750.0,222000.0
222,223.0,376.23968802269985,34.11338424682617,4.628754138946533,-131.9398193359375,-0.008465343154966831,0.07414266280314517,44.81896138191223,27875.0,223000.0
223,224.0,265.09003836450984,39.74160385131836,4.657291889190674,-132.4564666748047,-0.004777570720762014,0.07433971315340451,47.75010681152344,28000.0,224000.0
224,225.0,362.0022946814365,40.703365325927734,4.787130355834961,-132.95013427734375,-0.008049027994275093,0.07455323481276707,47.393075704574585,28125.0,225000.0
225,226.0,265.7129861415034,37.64101028442383,4.763477325439453,-133.5416717529297,-0.003110424382612109,0.07480972445706892,47.28796362876892,28250.0,226000.0
226,227.0,239.24693977741023,31.976776123046875,4.6952714920043945,-133.87001037597656,-0.00771288899704814,0.0750177658396813,45.47308659553528,28375.0,227000.0
227,228.0,347.7497065635404,31.342891693115234,4.680596828460693,-134.38465881347656,-0.007578761782497168,0.07524913712944488,45.41925311088562,28500.0,228000.0
228,229.0,345.5296397910885,33.1649055480957,4.649715423583984,-134.72010803222656,-0.009215513244271278,0.07558500255873979,45.60727262496948,28625.0,229000.0
229,230.0,276.580912366143,30.992673873901367,4.655540466308594,-135.30859375,-0.01208881102502346,0.07598251354296315,45.513572216033936,28750.0,230000.0
230,231.0,352.3388005931267,33.31621551513672,4.677343368530273,-135.77830505371094,-0.011636937037110329,0.07641671606362108,44.80881333351135,28875.0,231000.0
231,232.0,252.28409245160267,35.035804748535156,4.568210124969482,-136.2157745361328,-0.011828238144516945,0.0768548694428198,44.748300075531006,29000.0,232000.0
232,233.0,302.55834128139486,36.841190338134766,4.564046859741211,-137.21180725097656,-0.005268184933811426,0.0771397766845465,45.044116735458374,29125.0,233000.0
233,234.0,307.80574530816625,39.89961242675781,4.6632890701293945,-137.4580841064453,-0.011461857706308365,0.07738505276174124,45.41660809516907,29250.0,234000.0
234,235.0,472.88847483727164,30.725906372070312,4.637317657470703,-137.62135314941406,-0.002868011360988021,0.07766629892060203,47.55049991607666,29375.0,235000.0
235,236.0,293.21088659212484,29.41064453125,4.516134738922119,-138.48818969726562,-0.0062109255231916904,0.0778234790234805,46.46462416648865,29500.0,236000.0
236,237.0,359.63984947471636,39.546817779541016,4.67368221282959,-138.8313751220703,-0.009405724704265594,0.07811496693597098,46.851503133773804,29625.0,237000.0
237,238.0,452.9894199751061,34.01866912841797,4.627079963684082,-139.33631896972656,-0.004481162875890732,0.07839721591873408,47.54512906074524,29750.0,238000.0
238,239.0,297.43049335595407,34.28596115112305,4.624526023864746,-139.27191162109375,-0.01210629753768444,0.07872642847563602,46.19899082183838,29875.0,239000.0
239,240.0,359.2255957937852,29.849851608276367,4.515847206115723,-139.9590301513672,-0.006954316981136799,0.07901467593195673,47.0002281665802,30000.0,240000.0
240,241.0,395.11070564082513,28.571331024169922,4.493437767028809,-140.23187255859375,-0.007136987987905741,0.07923471814273127,44.99559140205383,30125.0,241000.0
241,242.0,371.7307847516789,29.312501907348633,4.463197708129883,-141.04718017578125,-0.008381362073123455,0.07954401153540855,44.78729557991028,30250.0,242000.0
242,243.0,330.8059876463158,30.435976028442383,4.449502944946289,-141.33091735839844,-0.011975500732660294,0.07988749246502617,45.767831563949585,30375.0,243000.0
243,244.0,291.4879089801819,33.950984954833984,4.492827415466309,-142.12298583984375,-0.0085989348590374,0.08025841195976458,45.42893648147583,30500.0,244000.0
244,245.0,326.2351833002311,43.28589630126953,4.4915618896484375,-143.1262969970703,0.004238091874867678,0.08036220875022479,45.98770213127136,30625.0,245000.0
245,246.0,363.3801080994397,36.38181686401367,4.6681084632873535,-143.04461669921875,0.0016020326875150204,0.08019967785799623,45.5070219039917,30750.0,246000.0
246,247.0,380.31566540792096,32.82801818847656,4.562687873840332,-143.3521270751953,-0.008247357793152332,0.0803429307714961,45.39081525802612,30875.0,247000.0
247,248.0,391.6351745123954,30.761707305908203,4.5110764503479,-144.13351440429688,-0.012743476778268814,0.08073625795559,45.352259397506714,31000.0,248000.0
248,249.0,330.15517370199336,34.346290588378906,4.5156965255737305,-144.7809295654297,-0.010974164120852947,0.08119894990291879,47.45216464996338,31125.0,249000.0
249,250.0,275.21551952787746,35.70337677001953,4.591396808624268,-144.98707580566406,-0.011918224394321442,0.08155923096321854,48.289716958999634,31250.0,250000.0
250,251.0,327.8532588001772,41.26185607910156,4.642138481140137,-145.91262817382812,-0.013145379722118378,0.08208083430687638,45.940794467926025,31375.0,251000.0
251,252.0,352.04178959547966,31.642446517944336,4.556674480438232,-145.9478302001953,-0.011669283732771873,0.08247416290825857,45.05529975891113,31500.0,252000.0
252,253.0,334.4914381735831,35.35188674926758,4.527223587036133,-146.32101440429688,-0.009136018343269825,0.0828666850424301,45.571369647979736,31625.0,253000.0
253,254.0,262.62446957407315,33.41602325439453,4.487182140350342,-147.1043243408203,-0.010353117249906063,0.08323898405496878,45.3437614440918,31750.0,254000.0
254,255.0,435.2015098058167,31.831348419189453,4.483767509460449,-147.64524841308594,-0.00941505003720522,0.08362808667834662,45.511046409606934,31875.0,255000.0
255,256.0,289.81909844308615,33.17803955078125,4.466921806335449,-147.9272918701172,-0.012274656444787979,0.08393773527527033,45.87203407287598,32000.0,256000.0
256,257.0,313.98116930494655,32.161109924316406,4.515583038330078,-148.42176818847656,-0.012369452975690365,0.08440890480816149,46.13164830207825,32125.0,257000.0
257,258.0,214.35895111283534,34.084537506103516,4.455955505371094,-149.02511596679688,-0.008382738567888737,0.08471557643751462,45.781259298324585,32250.0,258000.0
258,259.0,240.45870326581087,34.226646423339844,4.5216755867004395,-149.5600128173828,-0.010499144904315472,0.08502979932629535,46.267677307128906,32375.0,259000.0
259,260.0,346.6665546341127,33.5363655090332,4.486126899719238,-149.8175506591797,-0.016770271584391594,0.08549985194416264,45.912121295928955,32500.0,260000.0
260,261.0,337.843920988251,34.486385345458984,4.465583324432373,-150.52503967285156,-0.011862720362842083,0.0860229119276386,45.30542612075806,32625.0,261000.0
261,262.0,378.46797547946386,33.295555114746094,4.453948497772217,-150.89434814453125,-0.004175061360001564,0.08632006116299641,45.58637762069702,32750.0,262000.0
262,263.0,359.7888719224165,33.105255126953125,4.439990043640137,-151.38107299804688,-0.01783241517841816,0.08665834396119719,46.18281006813049,32875.0,263000.0
263,264.0,370.275768623959,37.855812072753906,4.5427165031433105,-151.84938049316406,-0.008912024088203907,0.0872016475770367,45.853217124938965,33000.0,264000.0
264,265.0,379.25445050941465,46.284149169921875,4.616209506988525,-151.9196014404297,-0.00351606123149395,0.08733268147400457,45.87137532234192,33125.0,265000.0
265,266.0,317.57704983670493,34.96949768066406,4.479991912841797,-152.8302764892578,7.231795461848378e-05,0.08744393266964916,45.63255167007446,33250.0,266000.0
266,267.0,327.6388642634098,57.65745544433594,4.5577545166015625,-153.51492309570312,0.014623931609094143,0.0872080232703263,45.84271168708801,33375.0,267000.0
267,268.0,281.32364956286176,38.66132736206055,4.556571006774902,-153.35801696777344,0.0031155545730143785,0.08683510237909993,45.437926054000854,33500.0,268000.0
268,269.0,291.8031356150853,36.938419342041016,4.473609447479248,-153.8262481689453,-0.007357087917625904,0.08688994241630736,45.799936294555664,33625.0,269000.0
269,270.0,343.19324881467395,35.747379302978516,4.438726902008057,-154.31076049804688,-0.007782864850014448,0.08722292290347751,45.82230877876282,33750.0,270000.0
270,271.0,296.8884119223546,35.09358596801758,4.431575298309326,-155.17686462402344,-0.011628778651356697,0.08747674514068186,44.838722229003906,33875.0,271000.0
271,272.0,285.2784723161798,34.953285217285156,4.408779144287109,-155.60694885253906,-0.011510226875543594,0.08791802466584857,44.62445545196533,34000.0,272000.0
272,273.0,323.4648695405871,33.22769546508789,4.383942604064941,-155.9192352294922,-0.01618417538702488,0.08843105271046094,45.52622675895691,34125.0,273000.0
273,274.0,413.8119150235338,36.33219528198242,4.365845680236816,-156.4951629638672,-0.014527943916618824,0.08894463069323161,45.34846520423889,34250.0,274000.0
274,275.0,536.1539598270493,39.46251678466797,4.455401420593262,-157.40350341796875,-0.012045932933688164,0.0893697692324575,45.68591856956482,34375.0,275000.0
275,276.0,274.92718702996274,32.470542907714844,4.367072105407715,-157.2260284423828,-0.01710037887096405,0.08985619074658358,45.38817286491394,34500.0,276000.0
276,277.0,346.23902186754617,31.634321212768555,4.348376274108887,-157.77272033691406,-0.015093614347279072,0.09036486357213643,45.40365171432495,34625.0,277000.0
277,278.0,371.1084016098521,33.20780944824219,4.32612419128418,-158.15203857421875,-0.012695101089775562,0.09079455826043276,45.81095623970032,34750.0,278000.0
278,279.0,360.38701181867344,36.27839279174805,4.384275913238525,-158.6658172607422,-0.015856092795729637,0.09132704008704107,46.22979688644409,34875.0,279000.0
279,280.0,418.99318757316223,36.32611846923828,4.380201816558838,-158.9706573486328,-0.0036248646210879087,0.0916455087686935,45.861891984939575,35000.0,280000.0
280,281.0,367.99235013771994,37.787940979003906,4.327909469604492,-159.80699157714844,-0.011017316952347755,0.09182389610845913,44.70269203186035,35125.0,281000.0
281,282.0,362.9712266598282,37.67824935913086,4.356977939605713,-160.1300506591797,-0.00546107767149806,0.09225154070154215,45.142749547958374,35250.0,282000.0
282,283.0,391.8365610486385,35.190128326416016,4.311528205871582,-160.53091430664062,-0.007807022426277399,0.0923918054303609,45.707619190216064,35375.0,283000.0
283,284.0,400.9531217840646,43.171287536621094,4.403709888458252,-160.94451904296875,-0.006311273202300072,0.09262908483641873,45.84122943878174,35500.0,284000.0
284,285.0,520.425813941413,37.05087661743164,4.353435516357422,-161.11399841308594,-0.00204170448705554,0.0927393598409888,45.90483498573303,35625.0,285000.0
285,286.0,317.121160258585,36.09568786621094,4.327425956726074,-161.54408264160156,-0.007727422285825014,0.09297424410506595,45.9457471370697,35750.0,286000.0
286,287.0,359.18531615960813,35.61723709106445,4.251429557800293,-162.22413635253906,-0.009339108131825924,0.0932562950600764,46.12097668647766,35875.0,287000.0
287,288.0,481.2364670731588,38.3514404296875,4.302090644836426,-162.6666259765625,-0.00799537356942892,0.09342198950114113,45.77196907997131,36000.0,288000.0
288,289.0,474.85490150812456,35.29023361206055,4.280671119689941,-163.34690856933594,-0.01897399127483368,0.09396861713544953,45.732303857803345,36125.0,289000.0
289,290.0,431.91122819908543,36.61772918701172,4.226716041564941,-163.12721252441406,-0.024946153163909912,0.0947128711357459,45.64735245704651,36250.0,290000.0
290,291.0,409.2517566889086,36.005035400390625,4.268674850463867,-164.2250213623047,-0.014424432069063187,0.09541515077498233,44.884748220443726,36375.0,291000.0
291,292.0,373.38565275157265,38.61695861816406,4.242919921875,-164.5599365234375,-0.019431767985224724,0.09590953951109593,44.68967151641846,36500.0,292000.0
292,293.0,356.05870428081937,38.86651611328125,4.259947299957275,-165.1450653076172,-0.013158973306417465,0.09646785832324067,45.452717781066895,36625.0,293000.0
293,294.0,436.6460660753846,39.622650146484375,4.288141250610352,-165.49746704101562,-0.01802196353673935,0.09690822371682566,45.460126876831055,36750.0,294000.0
294,295.0,361.15449010075685,37.343196868896484,4.2568678855896,-166.43142700195312,-0.014148155227303505,0.09752544438144196,45.99737548828125,36875.0,295000.0
295,296.0,491.20304867280475,36.614723205566406,4.2039289474487305,-166.3389129638672,-0.014974555931985378,0.09798764832468264,45.74825406074524,37000.0,296000.0
296,297.0,432.81676382765744,38.793521881103516,4.220608234405518,-166.8834686279297,-0.013667864724993706,0.09847847413083463,45.61881971359253,37125.0,297000.0
297,298.0,493.51748772259936,38.501556396484375,4.216953754425049,-167.37449645996094,-0.011835810728371143,0.09880870400832148,79.3183286190033,37250.0,298000.0
298,299.0,352.00234947184043,38.721187591552734,4.239128589630127,-167.8330841064453,-0.009364408440887928,0.09910820873116,45.57363152503967,37375.0,299000.0
299,300.0,489.7048908872761,39.7016487121582,4.208052635192871,-168.30604553222656,-0.012615716084837914,0.0995362205735618,45.392415046691895,37500.0,300000.0
300,301.0,548.5278517323759,42.42512893676758,4.182462692260742,-169.04034423828125,-0.019382832571864128,0.1000319921908516,66.74769258499146,37625.0,301000.0
301,302.0,490.13441641953324,41.8485221862793,4.1894731521606445,-169.28358459472656,-0.009122288785874844,0.1005312014922397,47.12306809425354,37750.0,302000.0
302,303.0,456.7259064679738,41.30820846557617,4.122191905975342,-169.8424530029297,-0.01685388572514057,0.1009342768326358,45.1019241809845,37875.0,303000.0
303,304.0,554.0190630470943,40.91834259033203,4.178987503051758,-170.86370849609375,-0.019496776163578033,0.10150515164265833,68.30585241317749,38000.0,304000.0
304,305.0,435.74626847237624,46.77135467529297,4.172644138336182,-171.1292724609375,-0.021024541929364204,0.10220096201541339,45.164923906326294,38125.0,305000.0
305,306.0,493.1376659531224,42.31318664550781,4.137368202209473,-172.00106811523438,-0.014677219092845917,0.10271370687872172,45.976173877716064,38250.0,306000.0
306,307.0,358.2829127316548,41.7159309387207,4.1046061515808105,-172.15643310546875,-0.021763335913419724,0.10331830209983271,45.77376461029053,38375.0,307000.0
307,308.0,367.423433342668,48.665836334228516,4.159131050109863,-172.30682373046875,-0.014050314202904701,0.10386814886336537,46.19860124588013,38500.0,308000.0
308,309.0,411.81071518876195,52.074119567871094,4.238017559051514,-173.19508361816406,-0.01892080157995224,0.10442480795877358,46.05610680580139,38625.0,309000.0
309,310.0,418.6369389196622,42.63675308227539,4.119469165802002,-173.72256469726562,-0.022453801706433296,0.10501554203653723,45.61662220954895,38750.0,310000.0
310,311.0,502.8279521059958,46.7545166015625,4.123505115509033,-174.9874267578125,-0.02656891942024231,0.10579484921720751,47.77656888961792,38875.0,311000.0
311,312.0,441.61816087075687,46.254974365234375,4.097681999206543,-175.21241760253906,-0.028090063482522964,0.1066415036703683,49.40306329727173,39000.0,312000.0
312,313.0,627.314760718696,44.26949691772461,4.097191333770752,-175.26580810546875,-0.02601863257586956,0.10748484980836841,47.274911880493164,39125.0,313000.0
313,314.0,502.14128523620013,50.560508728027344,4.150180339813232,-175.78125,-0.028725195676088333,0.10826490413959426,47.37141442298889,39250.0,314000.0
314,315.0,480.9973162214282,48.480831146240234,4.061933994293213,-176.0939178466797,-0.026990044862031937,0.10910273176916413,45.96164155006409,39375.0,315000.0
315,316.0,420.8852936584956,48.17050552368164,4.040853023529053,-176.92510986328125,-0.027375176548957825,0.10985057993256886,46.67929196357727,39500.0,316000.0
316,317.0,376.0765338377343,44.75041961669922,4.044194221496582,-177.6909942626953,-0.02356799505650997,0.11052636891068054,45.930821895599365,39625.0,317000.0
317,318.0,474.9757953499527,47.85444259643555,4.025878429412842,-178.16714477539062,-0.025427525863051414,0.11121315682362728,45.08392858505249,39750.0,318000.0
318,319.0,408.98959985250565,48.756690979003906,4.029885768890381,-178.49179077148438,-0.02738119289278984,0.1119838746466705,45.34467959403992,39875.0,319000.0
319,320.0,544.7309964209857,49.35307693481445,4.03745174407959,-179.29786682128906,-0.03006109409034252,0.11272035398024886,45.13304662704468,40000.0,320000.0
320,321.0,537.9167883709632,55.759464263916016,4.125743389129639,-179.6211700439453,-0.03486773371696472,0.11359170044724731,45.310874938964844,40125.0,321000.0
321,322.0,464.2745700077961,56.298561096191406,4.011174201965332,-180.2135772705078,-0.02620452456176281,0.11445010865052246,45.19749450683594,40250.0,322000.0
322,323.0,412.34154347355417,56.25515365600586,4.013670921325684,-180.8437042236328,-0.031970951706171036,0.11518617214371671,45.3361542224884,40375.0,323000.0
323,324.0,422.14286425248235,53.84962463378906,4.037128448486328,-182.0990753173828,-0.03065943904221058,0.11608344522564486,45.499828577041626,40500.0,324000.0
324,325.0,526.09337200977,54.22231674194336,4.042938232421875,-181.99163818359375,-0.0298235472291708,0.11678585225003875,46.67361235618591,40625.0,325000.0
325,326.0,359.9873402645215,58.04929733276367,4.021426677703857,-182.55162048339844,-0.025020666420459747,0.11747952436697276,46.097785234451294,40750.0,326000.0
326,327.0,698.5855920879919,57.565956115722656,4.004979610443115,-183.69300842285156,-0.027498982846736908,0.11813763183127352,46.105607986450195,40875.0,327000.0
327,328.0,681.2929406934545,55.10105895996094,3.997731924057007,-184.34860229492188,-0.03057391196489334,0.11891969668691509,46.69466304779053,41000.0,328000.0
328,329.0,400.3572609436557,59.07463836669922,3.9812214374542236,-184.7544708251953,-0.03475537896156311,0.11971666268674623,45.01518106460571,41125.0,329000.0
329,330.0,496.7480808908581,56.15168762207031,3.966538667678833,-185.05308532714844,-0.028983475640416145,0.12060004714916375,45.00899577140808,41250.0,330000.0
330,331.0,461.900518329359,61.200504302978516,3.9879517555236816,-186.2821502685547,-0.02714216709136963,0.12126254144571162,45.49044919013977,41375.0,331000.0
331,332.0,620.9936669489002,70.20264434814453,3.99432110786438,-187.19448852539062,-0.02200879342854023,0.121921578689264,45.15088129043579,41500.0,332000.0
332,333.0,311.0537233229004,57.97102355957031,3.9477665424346924,-187.42178344726562,-0.025988733395934105,0.12252162596765284,45.55277061462402,41625.0,333000.0
333,334.0,286.7785884897337,58.47784423828125,3.9422831535339355,-187.73097229003906,-0.02496812865138054,0.12304154273815271,45.198596715927124,41750.0,334000.0
334,335.0,578.2822138921492,61.2996711730957,3.975287914276123,-188.8238525390625,-0.036177005618810654,0.12393452337842129,45.47597599029541,41875.0,335000.0
335,336.0,555.4007110969302,61.901432037353516,3.9603052139282227,-189.2423858642578,-0.025196196511387825,0.12470113936311243,45.39195919036865,42000.0,336000.0
336,337.0,410.2560759211355,63.35790252685547,3.998563528060913,-189.1992950439453,-0.03125026822090149,0.12539572379334235,46.79844546318054,42125.0,337000.0
337,338.0,573.9641175177456,64.51472473144531,3.966204881668091,-190.34547424316406,-0.02975335903465748,0.126152911928925,47.87821984291077,42250.0,338000.0
338,339.0,495.5090768801963,61.810455322265625,3.9218592643737793,-190.7150421142578,-0.031813643872737885,0.1269466923322591,46.89022922515869,42375.0,339000.0
339,340.0,622.6869743774819,69.77760314941406,3.9671871662139893,-191.05979919433594,-0.021317634731531143,0.12758460016297096,44.70077466964722,42500.0,340000.0
340,341.0,714.8689571444424,63.121612548828125,3.952535629272461,-192.96542358398438,-0.030848657712340355,0.1282433776964712,45.219866037368774,42625.0,341000.0
341,342.0,735.1915619887892,67.46696472167969,3.916902780532837,-192.8787078857422,-0.03667408972978592,0.1290656746851155,45.17218542098999,42750.0,342000.0
342,343.0,663.530450937932,76.46954345703125,3.9175703525543213,-193.72067260742188,-0.04044998437166214,0.1300639658506016,45.78717517852783,42875.0,343000.0
343,344.0,552.7009079433653,64.41425323486328,3.86419415473938,-194.78436279296875,-0.04837079718708992,0.13115930108996593,45.55862021446228,43000.0,344000.0
344,345.0,354.1893178402141,69.0621337890625,3.8905422687530518,-194.74819946289062,-0.037872329354286194,0.132137212050072,45.71624779701233,43125.0,345000.0
345,346.0,418.5248879378962,69.40245819091797,3.8777520656585693,-195.39004516601562,-0.03266700357198715,0.1329612929321931,45.12004613876343,43250.0,346000.0
346,347.0,501.1607945058928,67.77205657958984,3.8772823810577393,-196.0059051513672,-0.04251623526215553,0.13388070970310165,46.87849712371826,43375.0,347000.0
347,348.0,473.15903153254635,69.95602416992188,3.9081296920776367,-196.95413208007812,-0.04119795188307762,0.13488832579471519,47.269033432006836,43500.0,348000.0
348,349.0,624.7857751428792,71.98677062988281,3.9060771465301514,-196.89300537109375,-0.046027492731809616,0.13583179114548768,46.020047664642334,43625.0,349000.0
349,350.0,398.410055868237,72.95770263671875,3.8754189014434814,-197.96258544921875,-0.03844965621829033,0.13681723923857322,46.34453463554382,43750.0,350000.0
350,351.0,710.1134008855996,71.19515991210938,3.857600688934326,-198.7640838623047,-0.03778550401329994,0.13765010150364806,45.267160177230835,43875.0,351000.0
351,352.0,428.8944862444194,74.01509857177734,3.8377795219421387,-199.9774627685547,-0.034763455390930176,0.13847664202002968,45.16261577606201,44000.0,352000.0
352,353.0,361.8153234293591,68.72837829589844,3.8162310123443604,-200.93165588378906,-0.03299880400300026,0.13925696946130506,45.739808320999146,44125.0,353000.0
353,354.0,508.11443575916,69.20826721191406,3.8314194679260254,-200.77621459960938,-0.03472831845283508,0.1400280856259298,46.12584853172302,44250.0,354000.0
354,355.0,491.2414318830379,86.81254577636719,3.879483938217163,-201.62522888183594,-0.035811856389045715,0.14080331154723602,46.19522428512573,44375.0,355000.0
355,356.0,671.2460520222211,75.34778594970703,3.841947555541992,-202.10354614257812,-0.04196883738040924,0.14170278948348278,46.255616903305054,44500.0,356000.0
356,357.0,413.3148193787655,80.712646484375,3.8311047554016113,-203.0076904296875,-0.03756595775485039,0.14265032110708356,45.91832137107849,44625.0,357000.0
357,358.0,438.65006996156205,142.57553100585938,4.029755115509033,-204.17367553710938,-0.03623942658305168,0.14351258593873753,45.75039052963257,44750.0,358000.0
358,359.0,774.2033616703076,84.71437072753906,3.8447866439819336,-204.84080505371094,-0.033556338399648666,0.14424569705317772,45.83126378059387,44875.0,359000.0
359,360.0,608.6142315809999,81.77318572998047,3.77573561668396,-205.25064086914062,-0.038760215044021606,0.14510678207962804,45.35420370101929,45000.0,360000.0
360,361.0,535.5776461662007,92.14007568359375,3.8480451107025146,-206.2534637451172,-0.03387598693370819,0.1459754603345716,44.92791247367859,45125.0,361000.0
361,362.0,541.4711099706401,87.75079345703125,3.819502830505371,-205.53506469726562,-0.036121074110269547,0.14684590741439144,44.884464263916016,45250.0,362000.0
362,363.0,404.837192512094,96.97560119628906,3.7973084449768066,-206.61769104003906,-0.038826171308755875,0.14762416927273422,45.56801509857178,45375.0,363000.0
363,364.0,508.1340708763931,88.59864044189453,3.789691209793091,-207.7235565185547,-0.040043242275714874,0.14858714353846694,45.33017826080322,45500.0,364000.0
364,365.0,454.76247187939765,88.25418090820312,3.7615911960601807,-209.3644256591797,-0.04589003697037697,0.14954521026695197,45.91188955307007,45625.0,365000.0
365,366.0,360.24330237941416,87.39183807373047,3.7923107147216797,-209.396484375,-0.04662999138236046,0.1506097308281345,45.610153675079346,45750.0,366000.0
366,367.0,534.8409542627226,82.8148422241211,3.705829381942749,-210.91952514648438,-0.04846658930182457,0.15174224022013322,45.66437363624573,45875.0,367000.0
367,368.0,576.5093561944146,90.9192123413086,3.698925018310547,-211.19622802734375,-0.046108998358249664,0.15276300964836373,45.45226693153381,46000.0,368000.0
368,369.0,783.4211065913937,84.89710235595703,3.719998359680176,-211.88397216796875,-0.05023466795682907,0.15384537283369118,45.710442781448364,46125.0,369000.0
369,370.0,548.0045284037494,89.8031234741211,3.6802048683166504,-213.02316284179688,-0.04984179139137268,0.15499351511799245,45.466689109802246,46250.0,370000.0
370,371.0,525.0546584729975,100.7172622680664,3.694448947906494,-213.8465576171875,-0.04693935066461563,0.15603655447263973,44.91954731941223,46375.0,371000.0
371,372.0,571.09104038982,91.94318389892578,3.7397584915161133,-214.48118591308594,-0.04180034250020981,0.1569755900946079,45.246285915374756,46500.0,372000.0
372,373.0,714.1784057799305,94.1629409790039,3.667179822921753,-215.04307556152344,-0.04577182978391647,0.15788591646055417,45.31145119667053,46625.0,373000.0
373,374.0,353.9530876498632,99.613525390625,3.7547810077667236,-215.8642120361328,-0.0368584543466568,0.1588287506254583,45.690099477767944,46750.0,374000.0
374,375.0,584.7769816877301,103.85637664794922,3.7791030406951904,-216.55410766601562,-0.04148232564330101,0.15972553595131905,45.81879711151123,46875.0,375000.0
375,376.0,555.1517900281094,101.78373718261719,3.7575695514678955,-217.3998565673828,-0.05360564589500427,0.16073305843421296,45.34767699241638,47000.0,376000.0
376,377.0,700.4095850944886,98.6119613647461,3.72892427444458,-218.3436279296875,-0.05876118689775467,0.16196172999565606,45.65366530418396,47125.0,377000.0
377,378.0,344.27480687982387,103.49079132080078,3.660334825515747,-219.7945556640625,-0.05419038236141205,0.1631962752217087,45.23742055892944,47250.0,378000.0
378,379.0,639.491774485334,103.23036193847656,3.7488508224487305,-219.2623748779297,-0.051236048340797424,0.1643210838975271,45.83305358886719,47375.0,379000.0
379,380.0,801.8641592028761,99.35035705566406,3.7050750255584717,-220.72010803222656,-0.044492319226264954,0.16533976333241837,45.445706367492676,47500.0,380000.0
380,381.0,710.0852060615777,99.04920959472656,3.6492481231689453,-221.22125244140625,-0.0524052269756794,0.16638533991397905,45.09237885475159,47625.0,381000.0
381,382.0,620.722550454572,104.65988159179688,3.660011053085327,-222.68287658691406,-0.048859547823667526,0.16742011428868483,44.77525234222412,47750.0,382000.0
382,383.0,795.3494076529391,103.74922943115234,3.643113851547241,-225.08538818359375,-0.060301732271909714,0.16856810204881195,45.56248474121094,47875.0,383000.0
383,384.0,693.1375103940371,103.18104553222656,3.6497998237609863,-225.1586151123047,-0.05613318085670471,0.1697805770963802,45.23526096343994,48000.0,384000.0
384,385.0,695.0809953262614,112.80355834960938,3.6391782760620117,-226.2970428466797,-0.057749442756175995,0.17097596998151662,45.59997749328613,48125.0,385000.0
385,386.0,762.5497452191756,130.38323974609375,3.759209394454956,-227.3754119873047,-0.040499456226825714,0.17209702078708028,45.651880979537964,48250.0,386000.0
386,387.0,799.9243940443464,215.13040161132812,3.876171112060547,-227.3467559814453,-0.03782512992620468,0.1728735351344953,45.838603019714355,48375.0,387000.0
387,388.0,537.1291684543886,169.11341857910156,3.784403085708618,-228.53140258789062,-0.0038115843199193478,0.17319289516850353,45.48018288612366,48500.0,388000.0
388,389.0,728.6982752341711,110.9732894897461,3.677222967147827,-228.23419189453125,-0.04332093149423599,0.1738556946563896,45.99219751358032,48625.0,389000.0
389,390.0,603.8272889574486,119.30817413330078,3.650447130203247,-230.04933166503906,-0.04441189393401146,0.1747521195730014,46.021525621414185,48750.0,390000.0
390,391.0,527.9964397738939,118.92953491210938,3.6636059284210205,-230.75489807128906,-0.04831848293542862,0.1758018597853634,44.907126903533936,48875.0,391000.0
391,392.0,335.5434085832544,136.3685760498047,3.707353115081787,-232.43411254882812,-0.041764192283153534,0.1767935054271747,45.20307230949402,49000.0,392000.0
392,393.0,494.6455977689253,158.31356811523438,3.711667060852051,-233.07398986816406,-0.03858701512217522,0.17764898262637754,46.46751642227173,49125.0,393000.0
393,394.0,572.1695964867279,131.7930908203125,3.6529221534729004,-233.78138732910156,-0.05009552091360092,0.17867838428020016,46.32335186004639,49250.0,394000.0
394,395.0,556.9946473886062,130.96717834472656,3.6254501342773438,-235.16384887695312,-0.0559864342212677,0.17986466729310435,46.00637698173523,49375.0,395000.0
395,396.0,559.7089232848489,123.50939178466797,3.5930089950561523,-235.6977996826172,-0.0716618224978447,0.18133967465430467,45.975653648376465,49500.0,396000.0
396,397.0,481.16479981188326,127.75650024414062,3.603454351425171,-235.16783142089844,-0.070872001349926,0.18291459403324933,45.95736837387085,49625.0,397000.0
397,398.0,650.9774088064439,118.7899169921875,3.558696746826172,-237.2786407470703,-0.05208341404795647,0.184209834021478,45.697340965270996,49750.0,398000.0
398,399.0,714.6890976358641,125.41044616699219,3.5804600715637207,-238.82823181152344,-0.06144909933209419,0.185379567198691,46.009605407714844,49875.0,399000.0
399,400.0,545.1213937098858,141.1534423828125,3.631471633911133,-238.31045532226562,-0.05164826661348343,0.18656206787313992,45.85310125350952,50000.0,400000.0
400,401.0,382.0058025134681,142.16334533691406,3.6125991344451904,-239.876708984375,-0.04706009477376938,0.18763935211259705,79.13652443885803,50125.0,401000.0
401,402.0,426.6050007462033,143.34861755371094,3.6255204677581787,-240.7932891845703,-0.06935229152441025,0.18897360073658054,51.80079960823059,50250.0,402000.0
402,403.0,624.6362167639124,123.7580337524414,3.551666736602783,-241.42556762695312,-0.06666623055934906,0.19026248602601667,50.205846309661865,50375.0,403000.0
403,404.0,794.7024262450143,131.25967407226562,3.5680289268493652,-242.4189910888672,-0.06828944385051727,0.19170159055305439,48.60821461677551,50500.0,404000.0
404,405.0,649.217926776165,127.46011352539062,3.6045138835906982,-242.97206115722656,-0.06801257282495499,0.19311241982939792,47.190935134887695,50625.0,405000.0
405,406.0,580.1828718031538,142.95370483398438,3.5840115547180176,-244.5192108154297,-0.06144312396645546,0.19447397227023744,45.98052954673767,50750.0,406000.0
406,407.0,569.5695377867523,136.24122619628906,3.589024543762207,-245.50390625,-0.06128707528114319,0.19571817813197676,45.96610474586487,50875.0,407000.0
407,408.0,637.9800481833362,137.65213012695312,3.5298666954040527,-246.46324157714844,-0.06158231571316719,0.19693983627925085,45.77003002166748,51000.0,408000.0
408,409.0,431.6102644370051,176.36111450195312,3.6824259757995605,-247.0001220703125,-0.042999062687158585,0.19805480349813126,46.04942274093628,51125.0,409000.0
409,410.0,472.72975245713405,145.72877502441406,3.605346202850342,-247.43853759765625,-0.06516210734844208,0.1991520266834423,45.84022808074951,51250.0,410000.0
410,411.0,642.3244194146012,162.52694702148438,3.616520643234253,-247.79518127441406,-0.0556047298014164,0.2004457437811827,84.23450350761414,51375.0,411000.0
411,412.0,660.3095455768877,153.57626342773438,3.581357479095459,-248.5013427734375,-0.0510602630674839,0.20150274407159102,54.46390628814697,51500.0,412000.0
412,413.0,795.2962944557714,137.13973999023438,3.568180561065674,-250.1826171875,-0.06152937561273575,0.2026880264998724,53.75295281410217,51625.0,413000.0
413,414.0,423.5950490390382,148.89529418945312,3.5691497325897217,-250.33062744140625,-0.053257182240486145,0.2038911205396882,50.65260624885559,51750.0,414000.0
414,415.0,789.6753348188913,153.02662658691406,3.5811169147491455,-251.90171813964844,-0.049888238310813904,0.20500880330745894,50.193774938583374,51875.0,415000.0
415,416.0,659.3583096226782,145.8961944580078,3.5846478939056396,-251.06027221679688,-0.05183880776166916,0.20607819379784456,48.0007586479187,52000.0,416000.0
416,417.0,804.7668757613754,146.03907775878906,3.5836398601531982,-253.31890869140625,-0.05956023558974266,0.20726501047944412,46.61047720909119,52125.0,417000.0
417,418.0,790.8129354607591,153.15223693847656,3.548931121826172,-255.0475616455078,-0.05204479768872261,0.20847719198749154,45.90129613876343,52250.0,418000.0
418,419.0,657.232565966594,148.54440307617188,3.5220792293548584,-256.0095520019531,-0.0614764504134655,0.20967197187043746,46.08499336242676,52375.0,419000.0
419,420.0,552.821217116498,152.17889404296875,3.577242374420166,-255.41122436523438,-0.06361411511898041,0.21108476327501732,46.1571147441864,52500.0,420000.0
420,421.0,327.65734123375233,148.39378356933594,3.561221122741699,-255.6597137451172,-0.050269193947315216,0.21239816922118365,44.80268168449402,52625.0,421000.0
421,422.0,646.2637596408136,136.72096252441406,3.5232956409454346,-257.1410217285156,-0.04867051914334297,0.21339405786174787,44.88256859779358,52750.0,422000.0
422,423.0,327.26080186038394,148.23744201660156,3.503061294555664,-259.5158386230469,-0.047725990414619446,0.21445344516589082,85.54822945594788,52875.0,423000.0
423,424.0,725.0052574537062,145.1121368408203,3.532996416091919,-259.60101318359375,-0.048149917274713516,0.21548604784809475,50.201879024505615,53000.0,424000.0
424,425.0,620.3881374097288,151.30767822265625,3.537738800048828,-259.842041015625,-0.051479727029800415,0.21666023986814995,48.83898329734802,53125.0,425000.0
425,426.0,342.26393916443965,167.05438232421875,3.5883471965789795,-260.01104736328125,-0.04121639207005501,0.2177689269459154,47.4214928150177,53250.0,426000.0
426,427.0,497.43667127246005,153.56414794921875,3.534842014312744,-261.4777526855469,-0.05993858352303505,0.21885057266298352,46.33542251586914,53375.0,427000.0
427,428.0,633.4780240919014,151.34091186523438,3.4767091274261475,-262.7007141113281,-0.06255052983760834,0.22027702674802155,46.02234077453613,53500.0,428000.0
428,429.0,602.5259458294223,149.83123779296875,3.4709620475769043,-263.13006591796875,-0.058024898171424866,0.22174834351537281,46.1046507358551,53625.0,429000.0
429,430.0,562.8942738431806,152.16348266601562,3.4887959957122803,-264.872802734375,-0.04893777519464493,0.22292361520362358,46.24553847312927,53750.0,430000.0
430,431.0,406.44411945832417,158.26922607421875,3.4394218921661377,-266.32379150390625,-0.06366948783397675,0.22425375599954367,44.603214502334595,53875.0,431000.0
431,432.0,518.8159995527507,153.42071533203125,3.4438419342041016,-266.09246826171875,-0.06325167417526245,0.22572840786921902,44.78519821166992,54000.0,432000.0
432,433.0,800.8609747583248,155.74961853027344,3.4712841510772705,-266.1261291503906,-0.07650288939476013,0.22731012066354195,45.259305238723755,54125.0,433000.0
433,434.0,645.9059613424776,171.1805419921875,3.4393410682678223,-267.6892395019531,-0.06510224938392639,0.2288996912201255,44.89907884597778,54250.0,434000.0
434,435.0,418.6652008264875,162.73069763183594,3.421884298324585,-269.5707092285156,-0.05193657800555229,0.2302912893270065,45.70513844490051,54375.0,435000.0
435,436.0,648.8769264529215,165.07125854492188,3.3957901000976562,-269.3995361328125,-0.05691030994057655,0.23152427375919227,45.64076566696167,54500.0,436000.0
436,437.0,651.4923156062583,164.87628173828125,3.4032790660858154,-271.3982238769531,-0.04621481895446777,0.23269695659259257,45.833070516586304,54625.0,437000.0
437,438.0,336.3637102756282,164.5072479248047,3.4467036724090576,-271.98211669921875,-0.07314691692590714,0.23414944721480616,45.797385454177856,54750.0,438000.0
438,439.0,621.1841506238177,165.8780059814453,3.417400598526001,-272.3396911621094,-0.05708622932434082,0.2356289643377042,47.18389821052551,54875.0,439000.0
439,440.0,629.9927379831727,188.0118408203125,3.485488176345825,-272.615234375,-0.05868140235543251,0.23701929101383476,46.812981367111206,55000.0,440000.0
440,441.0,788.9506367237141,180.90419006347656,3.462510585784912,-274.6479797363281,-0.058604683727025986,0.2382733676901086,45.046961307525635,55125.0,441000.0
441,442.0,688.7922532715429,183.63702392578125,3.4113361835479736,-276.1533203125,-0.06089431792497635,0.23976321740463127,44.71257758140564,55250.0,442000.0
442,443.0,377.03176602266,180.40171813964844,3.4148082733154297,-276.47418212890625,-0.055596958845853806,0.24117790361488614,50.7532594203949,55375.0,443000.0
443,444.0,660.2204418023515,192.4199981689453,3.3982975482940674,-276.0325012207031,-0.05876883119344711,0.2425000677544983,53.22387480735779,55500.0,444000.0
444,445.0,576.2736561691601,187.43325805664062,3.4100184440612793,-276.7552490234375,-0.05067067593336105,0.24381564817619159,54.097872257232666,55625.0,445000.0
445,446.0,645.6525323370918,172.82427978515625,3.393653392791748,-278.06878662109375,-0.06037602573633194,0.24506870583877677,51.68953490257263,55750.0,446000.0
446,447.0,788.3191298345021,174.9354705810547,3.3765311241149902,-279.8023376464844,-0.051748085767030716,0.2464666078390901,49.60894465446472,55875.0,447000.0
447,448.0,783.1805291220865,182.0884246826172,3.3722481727600098,-281.3104248046875,-0.06138778105378151,0.24786301548659728,45.786731243133545,56000.0,448000.0
448,449.0,663.8681891268403,187.716064453125,3.3891990184783936,-280.6729431152344,-0.05346548929810524,0.24921195503590846,46.309221029281616,56125.0,449000.0
449,450.0,622.174265348174,198.6898956298828,3.420714855194092,-283.090576171875,-0.05529932305216789,0.250612479098962,46.146074533462524,56250.0,450000.0
450,451.0,761.5001565444653,204.43324279785156,3.3591361045837402,-284.0358581542969,-0.06591107696294785,0.25204674695615886,47.46168303489685,56375.0,451000.0
451,452.0,567.3676129996632,201.5722198486328,3.396409273147583,-284.19366455078125,-0.051640819758176804,0.25357801811888425,45.16971230506897,56500.0,452000.0
452,453.0,464.3907450674446,196.56092834472656,3.3781700134277344,-284.1866760253906,-0.06524007022380829,0.2550081243978609,45.80610251426697,56625.0,453000.0
453,454.0,636.2476067685,175.8194122314453,3.324965000152588,-287.9058532714844,-0.05727536231279373,0.2565581579778494,45.81804585456848,56750.0,454000.0
454,455.0,773.639222281888,187.07020568847656,3.3564066886901855,-286.9874267578125,-0.06511008739471436,0.2580839893421642,45.82452583312988,56875.0,455000.0
455,456.0,486.2021653495467,190.6371612548828,3.3983638286590576,-287.44464111328125,-0.05876052752137184,0.2597036329655234,45.22349762916565,57000.0,456000.0
456,457.0,393.6141986299149,204.56124877929688,3.3559563159942627,-288.5077819824219,-0.053230561316013336,0.26101248910471914,46.052725076675415,57125.0,457000.0
457,458.0,636.575622584511,188.5071258544922,3.3737587928771973,-288.2707214355469,-0.05625659599900246,0.26244364277283816,45.99526023864746,57250.0,458000.0
458,459.0,777.896825257397,186.6304473876953,3.381716012954712,-288.7347106933594,-0.0482032410800457,0.2637972996878715,46.04354810714722,57375.0,459000.0
459,460.0,771.7143356579721,195.3448944091797,3.3570268154144287,-290.99444580078125,-0.055718325078487396,0.2651658662018842,46.04307985305786,57500.0,460000.0
460,461.0,790.0291573438119,205.45578002929688,3.422757387161255,-291.09503173828125,-0.05319090187549591,0.2665253429874907,44.83337926864624,57625.0,461000.0
461,462.0,644.2811280857792,207.8705291748047,3.3927958011627197,-292.6324157714844,-0.02807399444282055,0.26767594831250435,44.867043018341064,57750.0,462000.0
462,463.0,442.4434691184872,227.33334350585938,3.457731008529663,-291.93743896484375,-0.04224083200097084,0.26859872957749825,44.997190713882446,57875.0,463000.0
463,464.0,708.8326120502178,194.1798095703125,3.3457729816436768,-293.376953125,-0.03908296674489975,0.269685526095836,45.32473802566528,58000.0,464000.0
464,465.0,636.038107464709,199.36941528320312,3.326184034347534,-294.9176025390625,-0.03534289076924324,0.27069041533652266,45.07412004470825,58125.0,465000.0
465,466.0,636.1141836224214,182.58636474609375,3.300018072128296,-294.6147766113281,-0.04719257354736328,0.2718495746547101,45.463650941848755,58250.0,466000.0
466,467.0,762.4118640753555,199.88990783691406,3.3047585487365723,-296.12884521484375,-0.04101790860295296,0.27294645521731553,45.464016914367676,58375.0,467000.0
467,468.0,639.2186919283097,193.46954345703125,3.2602927684783936,-297.6037902832031,-0.05879538133740425,0.2744807352169194,45.82082962989807,58500.0,468000.0
468,469.0,782.6632149096297,205.89810180664062,3.277153968811035,-298.263427734375,-0.04778742417693138,0.2760528055536116,46.18259596824646,58625.0,469000.0
469,470.0,766.9038076185977,207.95262145996094,3.2864460945129395,-298.78656005859375,-0.037094373255968094,0.27724425161394095,45.58218431472778,58750.0,470000.0
470,471.0,791.5261780349688,202.45721435546875,3.2526988983154297,-298.89154052734375,-0.050923675298690796,0.27858769500677166,44.62657594680786,58875.0,471000.0
471,472.0,762.2150760747749,188.05758666992188,3.204155206680298,-299.2020568847656,-0.053783535957336426,0.2800872120120739,44.9171576499939,59000.0,472000.0
472,473.0,608.005868353655,207.33909606933594,3.238203525543213,-300.9114074707031,-0.05930791795253754,0.28164221349907764,45.217467069625854,59125.0,473000.0
473,474.0,756.2292724421222,201.30372619628906,3.207216501235962,-302.5635986328125,-0.06661996990442276,0.2835970546546918,45.23603081703186,59250.0,474000.0
474,475.0,757.1446218327111,214.37513732910156,3.243572950363159,-303.0367736816406,-0.06398555636405945,0.2854676876733073,45.2576105594635,59375.0,475000.0
475,476.0,747.314096027689,219.9292449951172,3.244081735610962,-306.6294250488281,-0.041632216423749924,0.28689183529281037,45.0741605758667,59500.0,476000.0
476,477.0,616.2322527663891,215.74794006347656,3.2288990020751953,-306.61468505859375,-0.03924116492271423,0.2882249360833974,45.455121755599976,59625.0,477000.0
477,478.0,627.0603414064745,214.78298950195312,3.2401981353759766,-307.5155029296875,-0.05374713987112045,0.28954154285343636,45.983043909072876,59750.0,478000.0
478,479.0,757.9649565633814,211.32705688476562,3.1902544498443604,-309.478759765625,-0.03752005472779274,0.2910036952611646,45.66885685920715,59875.0,479000.0
479,480.0,611.735946753804,242.05606079101562,3.255911350250244,-309.3981628417969,-0.027126558125019073,0.29195801685263356,45.66729164123535,60000.0,480000.0
480,481.0,773.1240427051418,253.39837646484375,3.2478866577148438,-310.5276184082031,-0.02776540443301201,0.292805096984798,44.78959536552429,60125.0,481000.0
481,482.0,761.4690108180166,206.25282287597656,3.1984617710113525,-313.0726318359375,-0.02627553604543209,0.29354307459001494,44.76936984062195,60250.0,482000.0
482,483.0,598.5110459063939,199.70994567871094,3.183440923690796,-313.4507751464844,-0.0527854859828949,0.29479456530109227,45.10849046707153,60375.0,483000.0
483,484.0,402.56426904186344,207.06024169921875,3.164438247680664,-315.19927978515625,-0.06258252263069153,0.29684555413450364,45.4620246887207,60500.0,484000.0
484,485.0,526.720459719207,206.79568481445312,3.1584677696228027,-316.22314453125,-0.05777240917086601,0.29861610244634035,45.590327978134155,60625.0,485000.0
485,486.0,621.1338056605769,213.53433227539062,3.1331114768981934,-316.8455505371094,-0.04530278965830803,0.3003726007664175,45.2353458404541,60750.0,486000.0
486,487.0,484.9385375142043,221.38870239257812,3.130504608154297,-316.545166015625,-0.05759509652853012,0.30200618672653895,45.522467851638794,60875.0,487000.0
487,488.0,624.8146893549265,235.38986206054688,3.1805484294891357,-318.52679443359375,-0.05690186843276024,0.30385855576743975,45.95243763923645,61000.0,488000.0
488,489.0,627.7163370629834,220.7589569091797,3.1628568172454834,-319.7249755859375,-0.03164290636777878,0.30514757675290366,46.19356894493103,61125.0,489000.0
489,490.0,507.1690808391074,218.95065307617188,3.1331050395965576,-320.6768493652344,-0.04761001467704773,0.3065811533582934,46.43268918991089,61250.0,490000.0
490,491.0,562.0775030133608,232.95401000976562,3.1400017738342285,-321.85614013671875,-0.050623442977666855,0.3082299435726712,44.69932818412781,61375.0,491000.0
491,492.0,502.53759179393256,249.9884033203125,3.1488757133483887,-321.6800537109375,-0.03695080429315567,0.30960678255029994,44.64056444168091,61500.0,492000.0
492,493.0,676.4947962877649,249.61700439453125,3.174492597579956,-323.82421875,-0.03362605348229408,0.3107532620196342,45.03502893447876,61625.0,493000.0
493,494.0,753.6369863841908,253.81971740722656,3.2121219635009766,-325.2643127441406,-0.019512033089995384,0.3116324916667417,45.370771646499634,61750.0,494000.0
494,495.0,691.5371597856995,250.70791625976562,3.2476279735565186,-325.1047668457031,-0.03209657967090607,0.3125503028338136,45.3598427772522,61875.0,495000.0
495,496.0,777.9210459891243,239.3026580810547,3.1867196559906006,-325.9797058105469,-0.03587814047932625,0.31366007925990463,45.325032234191895,62000.0,496000.0
496,497.0,763.4480230112976,280.36663818359375,3.237291097640991,-325.0329895019531,-0.01709895208477974,0.3145176513003804,45.67896509170532,62125.0,497000.0
497,498.0,779.4501731118982,264.1271667480469,3.2446770668029785,-329.2816162109375,-0.01851298101246357,0.31511187560882076,45.336743116378784,62250.0,498000.0
498,499.0,789.1139683752899,251.55337524414062,3.2186050415039062,-329.2359924316406,-0.0023123782593756914,0.31570847305495464,45.67966318130493,62375.0,499000.0
499,500.0,787.6481300773336,253.93544006347656,3.1957359313964844,-331.588134765625,-0.022613564506173134,0.3160092996603575,45.545204401016235,62500.0,500000.0
