,episode,episode_reward,critic_loss,actor_loss,alpha_loss,alpha_value,duration,step,env_step
0,1.0,189.34449360821688,0.0,0.0,0.0,0.0,0.7952108383178711,250.0,1000.0
1,2.0,167.4184463169093,0.0,0.0,0.0,0.0,1.0611317157745361,500.0,2000.0
2,3.0,178.37033334368348,0.0,0.0,0.0,0.0,1.0141592025756836,750.0,3000.0
3,4.0,149.56351488660505,0.0,0.0,0.0,0.0,1.065056562423706,1000.0,4000.0
4,5.0,213.90401074353227,5.744843482971191,-7.486550331115723,0.5621896982192993,0.09554244864454689,172.78278279304504,1250.0,5000.0
5,6.0,199.6187079926628,14.390734672546387,-15.528594970703125,0.3205586373806,0.09308286565320782,32.69536590576172,1500.0,6000.0
6,7.0,241.55787818464972,16.000375747680664,-17.057270050048828,0.40702563524246216,0.09230248962435475,32.989699363708496,1750.0,7000.0
7,8.0,326.0293873857078,15.35680866241455,-19.716428756713867,0.3597964942455292,0.09146987188014823,32.41840720176697,2000.0,8000.0
8,9.0,287.8330598507388,13.461925506591797,-22.110687255859375,0.33342278003692627,0.09072815916564782,32.69036364555359,2250.0,9000.0
9,10.0,419.77589025308873,12.181099891662598,-24.18316650390625,0.32725682854652405,0.0899675722184705,32.44129729270935,2500.0,10000.0
10,11.0,387.8802317035018,11.276313781738281,-26.60934829711914,0.3113774359226227,0.08922120051787383,32.28820872306824,2750.0,11000.0
11,12.0,290.65485114362104,12.230025291442871,-28.3446102142334,0.29150068759918213,0.08849924885825709,31.834956169128418,3000.0,12000.0
12,13.0,420.6641755256916,13.084366798400879,-30.570405960083008,0.28782057762145996,0.08775736882662703,32.00221300125122,3250.0,13000.0
13,14.0,427.821615282376,12.789671897888184,-32.73004913330078,0.28672757744789124,0.08703332780755343,31.877548217773438,3500.0,14000.0
14,15.0,496.7736797412638,12.880913734436035,-34.984981536865234,0.2655605673789978,0.08628643345399603,31.902710914611816,3750.0,15000.0
15,16.0,473.3531455919864,12.435858726501465,-37.6165771484375,0.22501592338085175,0.08560678451340022,31.644479990005493,4000.0,16000.0
16,17.0,378.9933497156378,11.190061569213867,-40.021671295166016,0.23630623519420624,0.0849645808204511,31.795403957366943,4250.0,17000.0
17,18.0,404.99659722864936,10.538939476013184,-42.219905853271484,0.25890928506851196,0.0842304564226857,31.63331627845764,4500.0,18000.0
18,19.0,447.6329743107951,9.747509956359863,-44.01258087158203,0.26716673374176025,0.08346282972500602,31.948697805404663,4750.0,19000.0
19,20.0,613.3129722554798,10.420136451721191,-46.056915283203125,0.24439391493797302,0.08264828545925838,31.93616223335266,5000.0,20000.0
20,21.0,516.6059906106228,10.431631088256836,-48.44639587402344,0.20888763666152954,0.08194542638320543,31.768000602722168,5250.0,21000.0
21,22.0,563.9013507726813,10.69821548461914,-50.4395866394043,0.18693964183330536,0.08132045328561405,31.993424892425537,5500.0,22000.0
22,23.0,531.700030116125,11.00010871887207,-52.324867248535156,0.1823616325855255,0.08072537855171802,31.998018980026245,5750.0,23000.0
23,24.0,670.0194349840323,10.634296417236328,-54.387245178222656,0.18445704877376556,0.0800849169278159,32.3497576713562,6000.0,24000.0
24,25.0,652.5731291591559,10.782621383666992,-56.649147033691406,0.15563824772834778,0.0794987241256339,32.16792678833008,6250.0,25000.0
25,26.0,710.2043384405133,11.293673515319824,-58.91698455810547,0.16482074558734894,0.07890600155451383,32.45662784576416,6500.0,26000.0
26,27.0,937.9028773211253,11.702244758605957,-61.73403549194336,0.13530011475086212,0.07834594132155669,32.13449835777283,6750.0,27000.0
27,28.0,943.5345925569268,12.962249755859375,-64.9515380859375,0.09030035138130188,0.07790233354249218,32.310855865478516,7000.0,28000.0
28,29.0,773.3754847426258,13.524879455566406,-67.69195556640625,0.08749256283044815,0.07754308593040882,32.04227614402771,7250.0,29000.0
29,30.0,813.6968886046849,15.622318267822266,-70.53401184082031,0.07182325422763824,0.07719865322245961,31.73616051673889,7500.0,30000.0
30,31.0,632.9699135876666,17.581233978271484,-73.41989135742188,0.06467905640602112,0.07688907633450352,31.765925884246826,7750.0,31000.0
31,32.0,856.6658952577031,18.08123016357422,-76.10646057128906,0.04136713966727257,0.07662315460036828,31.606276988983154,8000.0,32000.0
32,33.0,968.8482860455674,18.795473098754883,-79.29852294921875,0.017829274758696556,0.07649215115818621,31.70050024986267,8250.0,33000.0
33,34.0,880.7922965917796,19.69778823852539,-82.66100311279297,0.002388622146099806,0.0764024553518957,31.861577033996582,8500.0,34000.0
34,35.0,859.9750824312096,22.035449981689453,-86.0042724609375,-0.0003674783802125603,0.07642588053425058,31.56620693206787,8750.0,35000.0
35,36.0,922.5885454420559,21.575380325317383,-89.43788146972656,-0.03056476078927517,0.07650184558404712,31.25475835800171,9000.0,36000.0
36,37.0,962.4189498342864,24.622867584228516,-92.81248474121094,-0.038334399461746216,0.07673538099824112,31.65702986717224,9250.0,37000.0
37,38.0,912.1300936940287,24.431488037109375,-96.18733215332031,-0.04761667549610138,0.07706393703407557,32.04411268234253,9500.0,38000.0
38,39.0,878.4510989445689,23.532121658325195,-99.95465087890625,-0.0405692532658577,0.07735767188283953,31.70845890045166,9750.0,39000.0
39,40.0,998.2820946909595,24.86733627319336,-103.4749526977539,-0.04394190385937691,0.07764399515621309,31.75749635696411,10000.0,40000.0
40,41.0,965.465317127696,23.757469177246094,-107.10980987548828,-0.0792451873421669,0.07817943958309884,31.71811008453369,10250.0,41000.0
41,42.0,822.5758930084338,24.648517608642578,-110.05772399902344,-0.06945748627185822,0.07878145113783756,31.985945224761963,10500.0,42000.0
42,43.0,657.5888484164686,27.34874725341797,-113.0271224975586,-0.07256559282541275,0.07940619898021786,31.97939157485962,10750.0,43000.0
43,44.0,944.599146422201,25.19146156311035,-116.11226654052734,-0.0650772675871849,0.08007281400875428,31.865549564361572,11000.0,44000.0
44,45.0,924.8936349309814,25.241191864013672,-119.15739440917969,-0.02360701747238636,0.0804097607061726,31.500174045562744,11250.0,45000.0
45,46.0,987.9256792904084,24.307878494262695,-122.63214874267578,-0.03527657687664032,0.08071301288742135,31.629657983779907,11500.0,46000.0
46,47.0,887.6488857645292,22.516719818115234,-125.88008117675781,-0.04153691232204437,0.08108265770005034,31.317379474639893,11750.0,47000.0
47,48.0,848.931695554763,23.078628540039062,-128.58450317382812,-0.02399328164756298,0.08153263061547465,31.717743396759033,12000.0,48000.0
48,49.0,996.0176491777227,20.603191375732422,-131.71543884277344,0.006282423622906208,0.08156429359369759,31.744614601135254,12250.0,49000.0
49,50.0,861.034133841505,20.320749282836914,-135.07461547851562,0.00035194307565689087,0.08148604798521682,31.570878267288208,12500.0,50000.0
50,51.0,934.9289309179778,19.1566219329834,-137.69261169433594,-0.006429051514714956,0.08163524195545628,32.082744121551514,12750.0,51000.0
51,52.0,893.3064495628158,17.602136611938477,-140.43626403808594,0.008586541749536991,0.08158114080099671,31.76663565635681,13000.0,52000.0
52,53.0,975.7742297332451,16.448917388916016,-143.46658325195312,0.02361125685274601,0.0812752075803787,32.355877161026,13250.0,53000.0
53,54.0,916.0452810210511,17.142641067504883,-146.25991821289062,0.013122337870299816,0.08110615193376795,32.14230966567993,13500.0,54000.0
54,55.0,841.0322822048084,18.412792205810547,-148.4364776611328,0.02259981818497181,0.08085953650320013,32.35399031639099,13750.0,55000.0
55,56.0,820.8494578919031,18.228225708007812,-150.86500549316406,0.043729208409786224,0.08037500413565071,32.43932223320007,14000.0,56000.0
56,57.0,767.3674256897696,18.648609161376953,-153.37258911132812,0.0476454459130764,0.07960781042758465,34.7124183177948,14250.0,57000.0
57,58.0,923.4452516708451,19.868906021118164,-155.89051818847656,0.027277426794171333,0.07895809351953892,32.186307430267334,14500.0,58000.0
58,59.0,706.0143868375973,19.074798583984375,-158.5,0.04203112795948982,0.07848041899604682,32.422215938568115,14750.0,59000.0
59,60.0,928.5371127393246,20.3332462310791,-160.79615783691406,0.038588881492614746,0.07785778771444772,31.977319955825806,15000.0,60000.0
60,61.0,636.9668596720305,21.995773315429688,-163.0992431640625,0.025029702112078667,0.07738358334423408,31.800666570663452,15250.0,61000.0
61,62.0,913.2051726395638,21.143672943115234,-165.44192504882812,0.04818035662174225,0.07673347610517207,32.34437012672424,15500.0,62000.0
62,63.0,708.0317860788894,22.660280227661133,-167.83941650390625,0.042673226445913315,0.07595297765868378,31.990522146224976,15750.0,63000.0
63,64.0,721.4457385510507,24.049823760986328,-169.4857177734375,0.02226726897060871,0.07548264612216278,31.759623289108276,16000.0,64000.0
64,65.0,886.4064581720697,24.255840301513672,-171.91558837890625,-0.005871235392987728,0.07542012987315126,31.876514673233032,16250.0,65000.0
65,66.0,921.2213858780923,23.303800582885742,-174.16725158691406,0.005466548725962639,0.07534150953122708,31.819716215133667,16500.0,66000.0
66,67.0,802.4633724800179,22.65909194946289,-176.56103515625,0.02763458527624607,0.07506911976352408,32.03459191322327,16750.0,67000.0
67,68.0,909.6023619168185,22.109481811523438,-178.80897521972656,0.00984982866793871,0.07478771778357768,31.739964246749878,17000.0,68000.0
68,69.0,938.2127161354393,24.820327758789062,-180.8243865966797,0.008553254418075085,0.07457874673557809,32.25573682785034,17250.0,69000.0
69,70.0,956.6630504992468,23.48959732055664,-183.27928161621094,0.014235560782253742,0.0743036597146235,31.80558466911316,17500.0,70000.0
70,71.0,935.5302824240985,23.34014892578125,-185.7421875,0.011897889897227287,0.07406316139449312,31.696912050247192,17750.0,71000.0
71,72.0,999.0041561105644,24.311933517456055,-187.74435424804688,0.02258859947323799,0.07370878296047233,31.43958306312561,18000.0,72000.0
72,73.0,719.7448521705714,22.325801849365234,-189.7765350341797,0.020581429824233055,0.07333053320870003,31.44523525238037,18250.0,73000.0
73,74.0,997.6380389133046,23.316253662109375,-191.96253967285156,0.017703650519251823,0.07292392457103779,31.251478910446167,18500.0,74000.0
74,75.0,727.6831914721081,24.0627384185791,-193.81314086914062,0.020717304199934006,0.07258042087035915,31.233444690704346,18750.0,75000.0
75,76.0,870.9416691336362,23.289081573486328,-196.0716552734375,0.01780722290277481,0.07211734503809032,31.677322387695312,19000.0,76000.0
76,77.0,880.9451365113118,24.042890548706055,-198.2034149169922,0.01618129573762417,0.07169932239324395,31.853710651397705,19250.0,77000.0
77,78.0,944.8930115888904,22.85474967956543,-200.4156494140625,0.01907029189169407,0.07145508462406648,31.401686429977417,19500.0,78000.0
78,79.0,929.4846790467149,23.36268424987793,-202.3192596435547,0.02673528715968132,0.07093348797469058,31.533580780029297,19750.0,79000.0
79,80.0,956.0965496157589,22.86864471435547,-204.5840606689453,0.02291911281645298,0.07043236916201406,31.962188482284546,20000.0,80000.0
80,81.0,766.059571348564,23.756277084350586,-206.35606384277344,0.013931354507803917,0.07005485082424862,31.334151029586792,20250.0,81000.0
81,82.0,913.9190929495742,23.11455726623535,-208.42413330078125,0.01576164737343788,0.06973383656196971,31.343488693237305,20500.0,82000.0
82,83.0,912.2005971844262,23.764400482177734,-210.39517211914062,0.017267176881432533,0.06944386837389485,31.377432584762573,20750.0,83000.0
83,84.0,948.0589839993686,22.439144134521484,-212.40811157226562,0.029675226658582687,0.06890297352782561,31.31545877456665,21000.0,84000.0
84,85.0,962.9790687161883,24.46784019470215,-214.20863342285156,0.018153758719563484,0.06837026820374874,31.56656765937805,21250.0,85000.0
85,86.0,961.6068943962697,22.915315628051758,-216.12374877929688,0.02396789751946926,0.06800498742871322,31.364460945129395,21500.0,86000.0
86,87.0,954.0648798199355,23.33783531188965,-218.213623046875,0.02243766188621521,0.0675068605403032,31.50542664527893,21750.0,87000.0
87,88.0,866.7390054652664,22.07095718383789,-220.230712890625,0.012523652985692024,0.06711817664534712,31.682605981826782,22000.0,88000.0
88,89.0,921.7737127259927,23.1650390625,-222.10865783691406,0.01872696727514267,0.06676207335759886,31.62673830986023,22250.0,89000.0
89,90.0,989.2871940607537,21.55638313293457,-224.04849243164062,0.02281610108911991,0.06632870109773875,31.709655284881592,22500.0,90000.0
90,91.0,889.3341025615357,22.102155685424805,-225.77359008789062,0.020686302334070206,0.06576556783405836,32.25303101539612,22750.0,91000.0
91,92.0,933.377286950107,20.810693740844727,-227.7430877685547,0.028079276904463768,0.06530908560299045,31.79830837249756,23000.0,92000.0
92,93.0,960.1346327405336,21.14748764038086,-229.5274658203125,0.023502448573708534,0.06473199194975525,32.11492323875427,23250.0,93000.0
93,94.0,909.6256478692284,20.944759368896484,-231.091552734375,0.007630053907632828,0.06444893919427724,31.804237604141235,23500.0,94000.0
94,95.0,939.644349337308,21.411027908325195,-232.87242126464844,0.02330830693244934,0.06410685716838402,31.760544538497925,23750.0,95000.0
95,96.0,926.9395130713685,21.219266891479492,-234.58241271972656,0.020277149975299835,0.06368683629453167,32.01674556732178,24000.0,96000.0
96,97.0,931.7899416177861,21.296186447143555,-236.55575561523438,0.02623695880174637,0.0631536283120517,31.921338081359863,24250.0,97000.0
97,98.0,897.7383047175385,21.09263038635254,-238.273681640625,0.013872727751731873,0.06274542370915165,31.996856927871704,24500.0,98000.0
98,99.0,851.0691275682324,19.510417938232422,-240.16346740722656,0.02670702151954174,0.06232343897672237,31.675054788589478,24750.0,99000.0
99,100.0,942.4749923403722,19.49824333190918,-241.3856658935547,0.020482445135712624,0.06178510424783399,31.858468055725098,25000.0,100000.0
100,101.0,927.4277262407788,18.15640640258789,-243.1549072265625,0.01947230100631714,0.06140139642157307,31.427266836166382,25250.0,101000.0
101,102.0,983.2321938873165,17.205352783203125,-245.09197998046875,0.020697705447673798,0.0609493808742925,31.529656648635864,25500.0,102000.0
102,103.0,881.7096637588376,18.597970962524414,-246.4873504638672,0.015460556373000145,0.060546672627103414,31.465187311172485,25750.0,103000.0
103,104.0,929.4539241761615,18.622787475585938,-248.08978271484375,0.025343244895339012,0.06014393739498955,31.164363145828247,26000.0,104000.0
104,105.0,924.0221097004529,18.27693748474121,-249.36541748046875,0.01806080900132656,0.05974400926141438,31.889689207077026,26250.0,105000.0
105,106.0,939.1886881057352,18.1285343170166,-250.93592834472656,0.016454750671982765,0.05938954967164057,31.933899402618408,26500.0,106000.0
106,107.0,998.3786925345487,18.028770446777344,-252.46270751953125,0.0325486958026886,0.058927356590669874,32.16918730735779,26750.0,107000.0
107,108.0,896.0360313015727,19.37842559814453,-253.91156005859375,0.026563651859760284,0.05838460471852845,31.860133409500122,27000.0,108000.0
108,109.0,935.8037590911838,18.34823226928711,-255.86318969726562,0.02593783661723137,0.057794871663135565,32.14107894897461,27250.0,109000.0
109,110.0,875.2145331414984,17.928382873535156,-257.25958251953125,0.0207403264939785,0.05732942092927178,32.08893704414368,27500.0,110000.0
110,111.0,955.8121526332571,16.496156692504883,-258.6538391113281,0.025718936696648598,0.05692730488355686,31.649717807769775,27750.0,111000.0
111,112.0,907.584385664339,17.247411727905273,-259.95526123046875,0.03866514191031456,0.05631809344186602,31.635321617126465,28000.0,112000.0
112,113.0,889.178400509206,16.8498592376709,-261.19122314453125,0.02181040309369564,0.05577996617885621,33.94174838066101,28250.0,113000.0
113,114.0,921.017496594938,16.891916275024414,-262.63128662109375,0.013485005125403404,0.05548240808464802,31.91403317451477,28500.0,114000.0
114,115.0,983.5458070663183,15.433917999267578,-263.901611328125,0.02902078814804554,0.0550442354201511,31.555352687835693,28750.0,115000.0
115,116.0,996.9518685496253,16.27707862854004,-265.6448974609375,0.027722779661417007,0.05455766326242638,31.75652503967285,29000.0,116000.0
116,117.0,933.4778927367898,15.553377151489258,-267.0833435058594,0.021903956308960915,0.054130117641633134,31.795560359954834,29250.0,117000.0
117,118.0,961.8352305985443,15.521756172180176,-268.0533142089844,0.03572499006986618,0.053597135068768544,31.935927629470825,29500.0,118000.0
118,119.0,966.3839820888571,15.723588943481445,-269.1294860839844,0.03292223438620567,0.053002772930492444,31.868157625198364,29750.0,119000.0
119,120.0,917.5680920678051,15.730377197265625,-270.58697509765625,0.021333588287234306,0.05257993090236816,32.104212522506714,30000.0,120000.0
120,121.0,928.1010856410971,17.31084632873535,-271.5873107910156,0.03789201378822327,0.05204980160035559,31.370083808898926,30250.0,121000.0
121,122.0,826.8524476362973,16.226421356201172,-273.20611572265625,0.018650729209184647,0.05154156423886835,31.56966209411621,30500.0,122000.0
122,123.0,880.628676351075,16.96707534790039,-274.6138000488281,0.008442996069788933,0.05134926889160927,31.75348472595215,30750.0,123000.0
123,124.0,915.2096478161385,17.169240951538086,-275.3335266113281,0.014199716039001942,0.05120773541135658,32.223236083984375,31000.0,124000.0
124,125.0,955.4118221401252,17.13969612121582,-276.8618469238281,0.026274358853697777,0.05081436592681668,31.950322151184082,31250.0,125000.0
125,126.0,964.7913068433882,15.865795135498047,-278.08502197265625,0.024311034008860588,0.0503468615471625,32.14248967170715,31500.0,126000.0
126,127.0,998.8830119561825,15.681167602539062,-279.3945617675781,0.023382039740681648,0.04994323879563062,32.082011699676514,31750.0,127000.0
127,128.0,937.5107968043483,15.850442886352539,-280.4120788574219,0.0033082591835409403,0.04979057168639646,32.123600482940674,32000.0,128000.0
128,129.0,942.1612187339138,15.785847663879395,-281.4892883300781,0.023446733132004738,0.04952460773029285,31.967549085617065,32250.0,129000.0
129,130.0,978.5176593671415,15.9610595703125,-282.94793701171875,0.024415776133537292,0.04911184461787263,32.13287806510925,32500.0,130000.0
130,131.0,990.3836340537644,15.102648735046387,-284.4190673828125,0.018012428656220436,0.048704263713875665,31.191749811172485,32750.0,131000.0
131,132.0,938.1642944207537,15.772828102111816,-285.28839111328125,0.019230706617236137,0.04840977850767052,31.09702730178833,33000.0,132000.0
132,133.0,892.3728313262358,15.544986724853516,-286.6297912597656,0.022415684536099434,0.048078355674066445,31.209838390350342,33250.0,133000.0
133,134.0,971.9755019241629,17.662809371948242,-287.4254150390625,0.026200512424111366,0.04768468040786763,31.871367931365967,33500.0,134000.0
134,135.0,945.3049019346355,15.996014595031738,-288.6122741699219,0.02774946577847004,0.0472266584552501,31.789906978607178,33750.0,135000.0
135,136.0,990.3660589447961,15.177886962890625,-289.75823974609375,0.012426624074578285,0.04683343881135294,31.7899968624115,34000.0,136000.0
136,137.0,961.3487455783295,14.670953750610352,-291.1820068359375,0.019130749627947807,0.04660042128354317,31.570295333862305,34250.0,137000.0
137,138.0,963.7802352167166,14.041563034057617,-292.1737365722656,0.018944865092635155,0.04627864853244811,31.610883474349976,34500.0,138000.0
138,139.0,882.7605259496878,14.748699188232422,-293.4257507324219,0.006406439933925867,0.04607846376618338,31.567124605178833,34750.0,139000.0
139,140.0,985.5994741964828,14.567962646484375,-294.2173156738281,0.018727164715528488,0.045827614069542104,31.88683772087097,35000.0,140000.0
140,141.0,931.7464168286793,14.7784423828125,-295.1559753417969,0.018079623579978943,0.04548727793082918,31.451519012451172,35250.0,141000.0
141,142.0,961.5486716700358,14.149527549743652,-296.4841003417969,0.029027903452515602,0.04510682358059697,31.599285364151,35500.0,142000.0
142,143.0,914.5147460805108,14.659984588623047,-297.5087890625,0.02031564898788929,0.04461533247118123,31.212668657302856,35750.0,143000.0
143,144.0,895.0503812705459,14.046451568603516,-298.1162414550781,0.013025709427893162,0.04443008921713061,31.643084049224854,36000.0,144000.0
144,145.0,954.2479285007987,14.261249542236328,-299.4096984863281,0.020273510366678238,0.0440944471183896,31.783802270889282,36250.0,145000.0
145,146.0,991.6903599472639,14.687578201293945,-300.662353515625,0.027739811688661575,0.04373219371665329,32.075841665267944,36500.0,146000.0
146,147.0,912.8206122524282,14.074359893798828,-301.506591796875,0.043372124433517456,0.04311106522567046,31.977715015411377,36750.0,147000.0
147,148.0,948.6663273516021,14.283480644226074,-302.5522155761719,0.035545725375413895,0.04253891210715103,32.30690288543701,37000.0,148000.0
148,149.0,953.5320033211559,13.792817115783691,-303.54803466796875,0.0281831044703722,0.04202790774870431,32.051233530044556,37250.0,149000.0
149,150.0,873.3291945895926,14.82656478881836,-304.2923889160156,0.02326332964003086,0.04165190948442055,32.116146087646484,37500.0,150000.0
150,151.0,918.4020440195316,13.571697235107422,-305.2456359863281,0.03636425361037254,0.041187374306257796,31.50685405731201,37750.0,151000.0
151,152.0,968.8707983481218,14.17053508758545,-306.3280334472656,0.03221116587519646,0.0407444968419243,31.280256748199463,38000.0,152000.0
152,153.0,971.8900097918182,13.977093696594238,-306.984130859375,0.027212979272007942,0.04031450348723597,31.370667219161987,38250.0,153000.0
153,154.0,938.183534468163,14.037662506103516,-308.31719970703125,0.012563382275402546,0.04000565099265396,31.51371669769287,38500.0,154000.0
154,155.0,944.1062828930485,13.032125473022461,-309.00787353515625,0.006695027928799391,0.039921602184495475,31.501115322113037,38750.0,155000.0
155,156.0,862.6393540001018,13.907828330993652,-309.5989990234375,0.008958927355706692,0.039768574576478144,31.782701015472412,39000.0,156000.0
156,157.0,980.0090265267817,13.381935119628906,-310.6460266113281,0.0014419090002775192,0.03970757194673266,31.973808526992798,39250.0,157000.0
157,158.0,909.7810929514183,13.904382705688477,-311.17120361328125,0.016314266249537468,0.039597917834737,31.752098083496094,39500.0,158000.0
158,159.0,965.4022220500037,13.638459205627441,-312.4712219238281,0.005503862630575895,0.03938338343802874,32.20190906524658,39750.0,159000.0
159,160.0,983.6115840055074,13.511274337768555,-313.18804931640625,0.006207629106938839,0.03928773379957769,32.15630626678467,40000.0,160000.0
160,161.0,941.3930562895993,13.375016212463379,-314.23175048828125,0.02026970311999321,0.03909768281233247,31.905569553375244,40250.0,161000.0
161,162.0,985.4602680027525,12.912097930908203,-314.9989929199219,0.021772397682070732,0.03869777735437696,32.218509912490845,40500.0,162000.0
162,163.0,868.601549048695,12.76213550567627,-315.6103515625,0.02061440795660019,0.038341345955226924,32.051634550094604,40750.0,163000.0
163,164.0,969.1200723513459,13.152122497558594,-316.5420837402344,0.010690228082239628,0.038145663533235126,31.87235927581787,41000.0,164000.0
164,165.0,919.9925616096322,13.21300983428955,-317.2930908203125,0.008944736793637276,0.03792292882500517,32.09600496292114,41250.0,165000.0
165,166.0,953.0119687607488,13.286377906799316,-318.2001647949219,0.014551960863173008,0.03776825122518295,31.874698877334595,41500.0,166000.0
166,167.0,964.5890228750055,14.330794334411621,-318.96978759765625,0.018503427505493164,0.037419992175937236,32.05811786651611,41750.0,167000.0
167,168.0,902.1927901158315,13.389970779418945,-319.8940734863281,0.02018778584897518,0.03715265186476194,31.69461989402771,42000.0,168000.0
168,169.0,926.7067863522988,13.409799575805664,-320.47296142578125,0.025108251720666885,0.03678594250771357,32.0074200630188,42250.0,169000.0
169,170.0,955.3930110026502,12.771859169006348,-321.3188171386719,0.025087831541895866,0.036362415181870535,34.792341470718384,42500.0,170000.0
170,171.0,917.3051249001073,13.147388458251953,-322.0049133300781,0.007967409677803516,0.036081422526347245,31.879602432250977,42750.0,171000.0
171,172.0,974.0437828186792,12.519978523254395,-322.886962890625,0.018934011459350586,0.03594514130318582,31.456680297851562,43000.0,172000.0
172,173.0,934.5426695801197,12.790138244628906,-323.4975280761719,0.008675322867929935,0.035635219091904785,31.705294132232666,43250.0,173000.0
173,174.0,974.0440065628445,11.885008811950684,-324.5268249511719,0.023623568937182426,0.03540465117127224,31.763811588287354,43500.0,174000.0
174,175.0,925.8760935325378,11.327506065368652,-325.3218994140625,0.020132485777139664,0.03503030209131286,31.889923810958862,43750.0,175000.0
175,176.0,921.6755904103723,11.738041877746582,-326.1545104980469,0.009685162454843521,0.0348515477141314,31.765427589416504,44000.0,176000.0
176,177.0,968.2811708571327,12.776613235473633,-326.80657958984375,0.02429305389523506,0.03453656670640983,31.519007444381714,44250.0,177000.0
177,178.0,983.4519213419235,13.73767375946045,-327.454345703125,0.01742594875395298,0.03418261056870425,32.03029775619507,44500.0,178000.0
178,179.0,986.8077884092902,13.36474609375,-328.39013671875,0.011775901541113853,0.03397340174612549,31.956397533416748,44750.0,179000.0
179,180.0,930.3545473425083,12.59647274017334,-329.082763671875,0.02420632727444172,0.033696877472021255,31.55353021621704,45000.0,180000.0
180,181.0,979.2129525566471,11.976435661315918,-329.6983337402344,0.008281172253191471,0.033454593777852974,31.608126401901245,45250.0,181000.0
181,182.0,689.585721554925,11.63589096069336,-330.1331481933594,0.005298304371535778,0.03333057849264223,31.525526762008667,45500.0,182000.0
182,183.0,978.33327148145,12.167058944702148,-331.0517578125,0.0036146878264844418,0.03330058379941627,32.06939458847046,45750.0,183000.0
183,184.0,869.9630640152085,11.146876335144043,-331.7027893066406,0.026178691536188126,0.03301191230967425,31.632263660430908,46000.0,184000.0
184,185.0,982.2630372152594,10.855643272399902,-332.3184814453125,0.018162908032536507,0.032645722481521845,31.34152340888977,46250.0,185000.0
185,186.0,957.4848864716755,11.61870002746582,-333.01531982421875,0.01700172945857048,0.03236606226917105,31.66706919670105,46500.0,186000.0
186,187.0,995.9981783050569,11.236283302307129,-333.6090087890625,0.011665278114378452,0.03217625795874369,31.892884969711304,46750.0,187000.0
187,188.0,906.8405617523073,12.567130088806152,-334.27581787109375,0.013311550952494144,0.031919977122001134,31.928059101104736,47000.0,188000.0
188,189.0,972.8301921912844,12.349963188171387,-334.98614501953125,0.01812037080526352,0.031723679014526815,31.846396684646606,47250.0,189000.0
189,190.0,972.0076409460215,11.923473358154297,-335.5376892089844,0.02468133345246315,0.031375187824793205,31.541887521743774,47500.0,190000.0
190,191.0,823.5656729271517,11.686083793640137,-336.07403564453125,0.021008692681789398,0.03099345167685067,32.106449842453,47750.0,191000.0
191,192.0,949.3805793206797,12.615838050842285,-336.7054138183594,0.021672382950782776,0.030654529794310756,32.01326847076416,48000.0,192000.0
192,193.0,851.1534333110823,12.796751976013184,-337.3726501464844,0.011009087786078453,0.030439486752700553,31.922970056533813,48250.0,193000.0
193,194.0,967.5273814314116,12.487042427062988,-337.7695007324219,0.011787883937358856,0.030291052949589916,32.22453856468201,48500.0,194000.0
194,195.0,915.4375228905611,13.177939414978027,-338.3164367675781,0.018773334100842476,0.03007247472756314,31.91186261177063,48750.0,195000.0
195,196.0,945.7221403055923,12.297754287719727,-339.11614990234375,0.017900897189974785,0.02977496783656937,31.90743088722229,49000.0,196000.0
196,197.0,921.802679034708,11.462150573730469,-339.4202880859375,0.013873394578695297,0.029566942927363695,31.94046974182129,49250.0,197000.0
197,198.0,959.5630843357732,11.301172256469727,-340.3221435546875,0.016964299604296684,0.029338442570261913,31.953225135803223,49500.0,198000.0
198,199.0,925.8547544000984,11.60499382019043,-340.8001708984375,0.01901666633784771,0.029061862868845694,32.06528925895691,49750.0,199000.0
199,200.0,948.6140630489707,10.902920722961426,-341.387451171875,0.02072611264884472,0.02876776060702976,31.811899185180664,50000.0,200000.0
200,201.0,988.9566810107005,12.154976844787598,-341.7442932128906,0.009494354017078876,0.02849739788722153,31.24465012550354,50250.0,201000.0
201,202.0,973.0346057080665,11.806666374206543,-342.3843688964844,0.0029864595271646976,0.028479441629516822,31.26144313812256,50500.0,202000.0
202,203.0,934.6811565503643,11.398926734924316,-343.1292419433594,0.014836377464234829,0.028314519579583707,31.430915117263794,50750.0,203000.0
203,204.0,948.0793119283768,11.762710571289062,-343.4712829589844,0.015512826852500439,0.028107106615197597,31.510981798171997,51000.0,204000.0
204,205.0,989.2191920912061,12.181562423706055,-344.071533203125,0.012685410678386688,0.027892659789523995,31.664001941680908,51250.0,205000.0
205,206.0,945.2631388906608,11.80142593383789,-344.46673583984375,-0.0005267378292046487,0.0278143689137492,31.832151889801025,51500.0,206000.0
206,207.0,950.7098349877924,11.847794532775879,-345.4209899902344,0.005125822499394417,0.027742708887305748,31.988552570343018,51750.0,207000.0
207,208.0,959.8607011998107,11.558781623840332,-345.73223876953125,0.011750858277082443,0.02763126918194177,31.718869924545288,52000.0,208000.0
208,209.0,965.564801341855,11.8163423538208,-345.9460754394531,0.01104219350963831,0.027447066095774797,31.979336500167847,52250.0,209000.0
209,210.0,945.2995936377681,11.526885986328125,-346.6235046386719,0.004013369791209698,0.02728418042985749,31.680320978164673,52500.0,210000.0
210,211.0,921.4461570020603,11.056822776794434,-347.2724914550781,0.014953113161027431,0.027187458473512546,31.232901573181152,52750.0,211000.0
211,212.0,909.850833885947,11.164423942565918,-347.7001647949219,0.014805321581661701,0.02692416182780937,31.188210010528564,53000.0,212000.0
212,213.0,933.6350228513446,10.516035079956055,-348.1583251953125,0.014376006089150906,0.026689350682981002,31.33478617668152,53250.0,213000.0
213,214.0,994.2534303754255,10.357683181762695,-348.5403747558594,0.011259119026362896,0.02644772505995797,31.52931261062622,53500.0,214000.0
214,215.0,920.5426673879133,10.19112777709961,-349.0778503417969,0.005618719384074211,0.026332760112906316,31.38276743888855,53750.0,215000.0
215,216.0,996.8389465996871,10.66190242767334,-349.3879089355469,0.011852162890136242,0.026207354786375637,31.75817584991455,54000.0,216000.0
216,217.0,999.3272765016629,9.943855285644531,-350.1485595703125,0.015495005995035172,0.025991348023747446,31.87478756904602,54250.0,217000.0
217,218.0,950.6818907761099,10.605688095092773,-350.5504455566406,0.017178155481815338,0.02573105437088207,32.02517342567444,54500.0,218000.0
218,219.0,830.7934024916191,10.115334510803223,-350.93524169921875,0.013428200036287308,0.025507900496293957,31.74771761894226,54750.0,219000.0
219,220.0,949.8067525636587,9.741406440734863,-351.2795104980469,0.025702770799398422,0.025204948195419612,31.888662338256836,55000.0,220000.0
220,221.0,926.3657875686569,9.786580085754395,-351.6098327636719,0.018694130703806877,0.024865361538093968,31.284204959869385,55250.0,221000.0
221,222.0,924.9923784622604,9.800969123840332,-352.015380859375,0.012004547752439976,0.0246317341105489,31.0942280292511,55500.0,222000.0
222,223.0,911.5294556541618,9.92442798614502,-352.4920959472656,0.015427757985889912,0.024434557803335356,31.758906602859497,55750.0,223000.0
223,224.0,990.3099781883151,10.85678768157959,-352.67724609375,-0.0007239452679641545,0.024348728007862506,31.64420986175537,56000.0,224000.0
224,225.0,944.9303058692677,10.770718574523926,-353.3201904296875,0.0016199226956814528,0.02433192456430401,32.154282331466675,56250.0,225000.0
225,226.0,967.0358564525197,10.545751571655273,-353.7199401855469,0.004547598771750927,0.024289253578241847,34.18948674201965,56500.0,226000.0
226,227.0,962.6785354157663,10.52230453491211,-354.2617492675781,0.014387192204594612,0.024115304437620257,32.1706280708313,56750.0,227000.0
227,228.0,950.6530982886935,11.008269309997559,-354.5336608886719,0.009618916548788548,0.023961359655065,31.888131141662598,57000.0,228000.0
228,229.0,947.2400789008492,11.208137512207031,-354.9305114746094,0.0025896430015563965,0.023834669669680276,31.76997137069702,57250.0,229000.0
229,230.0,883.0772387655888,11.338556289672852,-355.1220397949219,0.010386547073721886,0.02379597850820624,31.70108985900879,57500.0,230000.0
230,231.0,961.5208528570154,10.253174781799316,-355.5357666015625,0.006744542624801397,0.023645371891159374,31.129993200302124,57750.0,231000.0
231,232.0,969.6282262414751,10.644575119018555,-356.286865234375,0.0008020648383535445,0.023523199373219172,31.285945653915405,58000.0,232000.0
232,233.0,981.5459500771608,10.935647010803223,-356.7085876464844,0.010520974174141884,0.023475567681560155,31.452223300933838,58250.0,233000.0
233,234.0,991.959189127534,9.61911678314209,-356.9942626953125,0.010879863984882832,0.023316354531891546,31.532522201538086,58500.0,234000.0
234,235.0,914.4249113224666,10.305306434631348,-357.42529296875,0.008797707036137581,0.02317050869924164,31.551852703094482,58750.0,235000.0
235,236.0,968.8657398871565,10.60470199584961,-357.75250244140625,0.013591225259006023,0.022972741325478465,32.05813407897949,59000.0,236000.0
236,237.0,960.0580149789678,9.944226264953613,-358.2059020996094,0.015816746279597282,0.022760586279766872,32.96517562866211,59250.0,237000.0
237,238.0,917.7450632375899,10.344337463378906,-358.53778076171875,0.005747538059949875,0.02254952405963443,31.897415161132812,59500.0,238000.0
238,239.0,963.607811405083,11.023848533630371,-359.118896484375,0.007740389555692673,0.02246700316508718,31.571271181106567,59750.0,239000.0
239,240.0,903.7855653609486,10.518133163452148,-359.6676330566406,0.012846777215600014,0.022293864442560676,31.916921138763428,60000.0,240000.0
240,241.0,972.4652374758177,9.824470520019531,-359.9188232421875,0.013710401952266693,0.022107368694503388,31.115569591522217,60250.0,241000.0
241,242.0,798.0003778754615,10.697728157043457,-360.13348388671875,0.010128586553037167,0.02189191661817511,31.30930185317993,60500.0,242000.0
242,243.0,959.321384549262,10.340219497680664,-360.5903015136719,0.003945040516555309,0.021820382448853006,31.56518530845642,60750.0,243000.0
243,244.0,961.1789790764789,10.26208209991455,-360.8865051269531,0.013611672446131706,0.021644470381777345,31.277827262878418,61000.0,244000.0
244,245.0,948.5883573759088,10.367334365844727,-361.3797912597656,0.004750274587422609,0.02150856551015315,31.252743005752563,61250.0,245000.0
245,246.0,943.7682044272118,10.395978927612305,-361.5080261230469,-0.004525544121861458,0.021511879059686104,31.92478632926941,61500.0,246000.0
246,247.0,974.5048219700217,10.100091934204102,-361.8917541503906,0.012104812078177929,0.021448151735115814,31.98784351348877,61750.0,247000.0
247,248.0,852.4301904535868,10.389802932739258,-362.2638244628906,0.006713974755257368,0.021250533413980956,31.93075203895569,62000.0,248000.0
248,249.0,997.235645687008,10.01468276977539,-362.40655517578125,0.012731866911053658,0.021114101666096594,31.81463932991028,62250.0,249000.0
249,250.0,965.0751298485205,9.906811714172363,-362.80426025390625,0.004145329352468252,0.021006893281175592,31.989078521728516,62500.0,250000.0
250,251.0,959.6759635559325,9.458316802978516,-363.0949401855469,0.017469413578510284,0.020801618182550847,31.81220245361328,62750.0,251000.0
251,252.0,957.359614062671,9.470293998718262,-363.5380554199219,0.0061992499977350235,0.020639007261113364,31.534921884536743,63000.0,252000.0
252,253.0,882.9849379782017,9.989949226379395,-363.85626220703125,0.00043931487016379833,0.02059081364039238,31.506356716156006,63250.0,253000.0
253,254.0,949.09219662807,10.0066556930542,-364.06695556640625,0.004513921216130257,0.02055454045466228,31.857063055038452,63500.0,254000.0
254,255.0,869.0661704715744,9.037338256835938,-364.3526611328125,0.004575790371745825,0.020463665720707177,31.827486038208008,63750.0,255000.0
255,256.0,993.8763657581396,10.17591381072998,-364.7218322753906,-0.004688793793320656,0.020532980647581602,32.01934742927551,64000.0,256000.0
256,257.0,948.6620099349523,9.462841987609863,-365.1504821777344,0.00751053960993886,0.02047988032633849,32.050432443618774,64250.0,257000.0
257,258.0,928.2966140099958,9.573989868164062,-365.30633544921875,-0.0054993657395243645,0.020433640410308117,32.476141929626465,64500.0,258000.0
258,259.0,947.1274722639533,9.5291748046875,-365.4976501464844,-0.005352594889700413,0.020519067683786134,31.855925798416138,64750.0,259000.0
259,260.0,925.0271874592274,9.354793548583984,-366.024169921875,-0.0038682660087943077,0.020556844093331795,31.875675916671753,65000.0,260000.0
260,261.0,949.4163976165241,9.506638526916504,-366.176513671875,-0.003262462094426155,0.0206434591708371,31.1851646900177,65250.0,261000.0
261,262.0,996.567428000553,8.920097351074219,-366.54827880859375,0.010418543592095375,0.020610537486298035,31.473318815231323,65500.0,262000.0
262,263.0,977.0421830855859,10.26012897491455,-366.5636901855469,0.004149184562265873,0.020457297071610415,31.307096242904663,65750.0,263000.0
263,264.0,959.1676079492992,9.383712768554688,-367.0534973144531,0.006558575201779604,0.020419964440576137,31.35146975517273,66000.0,264000.0
264,265.0,894.7647402127449,9.150253295898438,-367.24676513671875,-0.0013094295281916857,0.02032958531667464,32.042457580566406,66250.0,265000.0
265,266.0,971.8677461626673,8.688702583312988,-367.5086669921875,0.01672447845339775,0.020241909080858114,31.695534706115723,66500.0,266000.0
266,267.0,963.6745600556686,9.623005867004395,-367.670654296875,0.0012402819702401757,0.020082104824173604,31.69449758529663,66750.0,267000.0
267,268.0,959.1972475940786,9.663872718811035,-368.05364990234375,0.008317230269312859,0.01999284580297604,31.694609880447388,67000.0,268000.0
268,269.0,939.5086578941738,10.759228706359863,-368.33251953125,-0.006541826296597719,0.020030394042332617,31.964924573898315,67250.0,269000.0
269,270.0,993.1569922747582,9.562887191772461,-368.5852355957031,0.013000906445086002,0.019973297613655152,31.868317127227783,67500.0,270000.0
270,271.0,940.9334175907549,9.929648399353027,-368.9656066894531,0.008979344740509987,0.01975008495668106,31.489010334014893,67750.0,271000.0
271,272.0,974.7126553065063,10.045615196228027,-369.2598571777344,-0.00046198826748877764,0.01974247963085058,31.525944471359253,68000.0,272000.0
272,273.0,995.9545810016896,8.407289505004883,-369.5068664550781,0.002870652126148343,0.019710585727846487,31.318866968154907,68250.0,273000.0
273,274.0,940.8970154379138,9.373172760009766,-369.9599914550781,0.0074163079261779785,0.019631386723495826,31.87087655067444,68500.0,274000.0
274,275.0,979.8731179205095,9.288762092590332,-370.039306640625,0.0014185691252350807,0.019559342411018695,31.915528059005737,68750.0,275000.0
275,276.0,766.632155673569,9.464818000793457,-370.27325439453125,-0.003901702119037509,0.01959347268988724,31.881803274154663,69000.0,276000.0
276,277.0,998.8419815201866,9.014677047729492,-370.5162353515625,-0.0026777582243084908,0.01960865853536596,31.641400575637817,69250.0,277000.0
277,278.0,979.4007546741047,8.606903076171875,-370.8814697265625,0.005648578051477671,0.01958876448430606,31.62812876701355,69500.0,278000.0
278,279.0,950.1214507413421,8.562734603881836,-371.0289306640625,0.006020248401910067,0.019575157014336982,31.777652978897095,69750.0,279000.0
279,280.0,961.6162671021071,8.856897354125977,-371.2945556640625,0.008760441094636917,0.01940632217463873,31.399972677230835,70000.0,280000.0
280,281.0,972.7596455384471,9.33574390411377,-371.6756286621094,0.006690376438200474,0.019281321857599974,31.454468250274658,70250.0,281000.0
281,282.0,999.1535814880458,9.193099975585938,-372.0216979980469,0.00032656980329193175,0.01924339975822736,33.87099480628967,70500.0,282000.0
282,283.0,992.4160154524466,8.907517433166504,-372.0528564453125,-0.004522592760622501,0.019235343359918895,31.66490125656128,70750.0,283000.0
283,284.0,974.5447223016167,9.456549644470215,-372.0500793457031,-0.00932491198182106,0.01939820561322154,31.58000636100769,71000.0,284000.0
284,285.0,973.642438050507,8.853593826293945,-372.4650573730469,-0.0021962812170386314,0.019479271859701632,31.76292586326599,71250.0,285000.0
285,286.0,996.700049916629,8.697089195251465,-372.567626953125,0.006910491734743118,0.01941938479234591,31.672037363052368,71500.0,286000.0
286,287.0,943.2063165802675,8.747154235839844,-372.8388977050781,0.011630600318312645,0.019274633429718527,31.83045268058777,71750.0,287000.0
287,288.0,946.1372499743854,8.756714820861816,-372.9502868652344,0.006292461417615414,0.019145140212686797,31.923531532287598,72000.0,288000.0
288,289.0,943.8142393705455,8.930742263793945,-373.2940673828125,0.004840590991079807,0.01900555481056569,31.59963369369507,72250.0,289000.0
289,290.0,947.4769721949282,8.966386795043945,-373.4281921386719,0.004117326810956001,0.018981923995875696,32.035831451416016,72500.0,290000.0
290,291.0,947.9910179686327,9.55469799041748,-373.50128173828125,0.006592731922864914,0.018846613334344287,31.234484910964966,72750.0,291000.0
291,292.0,998.4899910701829,8.964366912841797,-373.7841796875,0.015131063759326935,0.01870161000679368,31.448790311813354,73000.0,292000.0
292,293.0,998.2196234681119,9.136191368103027,-373.9817199707031,0.00532796885818243,0.01852558430334279,31.956024169921875,73250.0,293000.0
293,294.0,995.9902538855298,8.221012115478516,-374.22344970703125,0.0011558850528672338,0.018476719927730777,31.78666591644287,73500.0,294000.0
294,295.0,954.9634671530508,8.722963333129883,-374.5152282714844,0.0010471758432686329,0.01850909483687805,31.76729464530945,73750.0,295000.0
295,296.0,936.9524509993385,8.496489524841309,-374.71661376953125,0.002473148051649332,0.018413488580844482,31.925246953964233,74000.0,296000.0
296,297.0,983.2152461752894,8.433430671691895,-374.6569519042969,-0.006277961190789938,0.0185270154472239,31.558905839920044,74250.0,297000.0
297,298.0,960.7330806316993,9.129912376403809,-374.83380126953125,0.007265451364219189,0.01844100383800676,32.052510261535645,74500.0,298000.0
298,299.0,960.1290398568427,8.637364387512207,-375.0557861328125,0.006609105039387941,0.018391149461731548,31.535205602645874,74750.0,299000.0
299,300.0,962.000958594023,8.565911293029785,-375.45977783203125,0.013122672215104103,0.018200367024257112,31.922727346420288,75000.0,300000.0
300,301.0,960.8515906762076,8.656909942626953,-375.78887939453125,0.007107502780854702,0.018071686920429455,31.34262204170227,75250.0,301000.0
301,302.0,933.2813034205186,8.6434965133667,-375.7822570800781,0.010937966406345367,0.01791224581346723,31.18093991279602,75500.0,302000.0
302,303.0,950.3366682573193,8.635993957519531,-376.20684814453125,0.003451764117926359,0.01782806663975203,31.40574073791504,75750.0,303000.0
303,304.0,855.1700172060159,8.100444793701172,-376.14501953125,0.006415119394659996,0.0177482887155712,31.61637806892395,76000.0,304000.0
304,305.0,968.9632416147693,8.544828414916992,-376.2382507324219,0.0025447658263146877,0.017726871808960768,31.553460359573364,76250.0,305000.0
305,306.0,950.351347741539,8.14123249053955,-376.44842529296875,0.002102154539898038,0.0176520359733706,31.823614597320557,76500.0,306000.0
306,307.0,929.91499525162,8.043058395385742,-376.617431640625,0.0077344514429569244,0.01759362463394529,31.860748767852783,76750.0,307000.0
307,308.0,823.8036802947602,7.599162578582764,-376.9715881347656,0.007363603916019201,0.01744190370339574,31.918648958206177,77000.0,308000.0
308,309.0,949.7120296393418,8.857746124267578,-376.8464050292969,-0.001933479099534452,0.017424336004451507,31.544912576675415,77250.0,309000.0
309,310.0,926.6836566763433,9.095519065856934,-377.21044921875,0.0043301354162395,0.017401593381103093,31.76259207725525,77500.0,310000.0
310,311.0,889.8484387119396,8.59898853302002,-377.34088134765625,0.0029388624243438244,0.017364168082758796,31.795104503631592,77750.0,311000.0
311,312.0,962.0446701188976,8.402191162109375,-377.48748779296875,0.0020560508128255606,0.017320921685833383,31.505398273468018,78000.0,312000.0
312,313.0,975.4795734079822,8.175215721130371,-377.8262634277344,0.014336313121020794,0.01716939481748844,32.0150260925293,78250.0,313000.0
313,314.0,950.2375538619644,7.5512590408325195,-377.77655029296875,0.007896926254034042,0.017017235980119418,31.891193151474,78500.0,314000.0
314,315.0,966.9263544172499,8.250754356384277,-377.8997802734375,0.002537977881729603,0.016925758254949384,31.976653575897217,78750.0,315000.0
315,316.0,938.3750039878628,7.796530723571777,-378.2204895019531,0.0001156369544332847,0.016901022683976696,31.709882497787476,79000.0,316000.0
316,317.0,967.2881929212814,8.562182426452637,-378.0621032714844,0.012877694331109524,0.016845078581727794,31.988553285598755,79250.0,317000.0
317,318.0,943.1838328346398,8.29060173034668,-378.2784118652344,0.01105960737913847,0.016627530423854262,31.920225858688354,79500.0,318000.0
318,319.0,947.1446452924952,8.442607879638672,-378.3035583496094,0.0054529160261154175,0.016500280945382008,31.541929006576538,79750.0,319000.0
319,320.0,983.8748618478326,8.650941848754883,-378.5429992675781,-0.0020465434063225985,0.01650524740503566,32.14030146598816,80000.0,320000.0
320,321.0,983.6472674486308,8.255908012390137,-378.68212890625,0.00966364424675703,0.01642282104840666,31.784391164779663,80250.0,321000.0
321,322.0,988.5364139819056,7.8217692375183105,-378.9653625488281,0.00577931571751833,0.016318335382572633,31.342719316482544,80500.0,322000.0
322,323.0,928.8383917663664,7.38550329208374,-379.0356750488281,0.010919585824012756,0.016190186387713742,31.717881679534912,80750.0,323000.0
323,324.0,997.6179498882839,8.248735427856445,-379.259521484375,0.009035841561853886,0.016044516177782006,32.124106645584106,81000.0,324000.0
324,325.0,954.9065930350316,8.197261810302734,-379.36944580078125,0.0008276565349660814,0.015955694064365512,31.885208129882812,81250.0,325000.0
325,326.0,968.5701569506111,8.163987159729004,-379.6017761230469,-0.007781995926052332,0.016021824632916452,31.88801145553589,81500.0,326000.0
326,327.0,989.3832014995294,8.222153663635254,-379.72698974609375,0.008130491711199284,0.01603341911009856,31.867578506469727,81750.0,327000.0
327,328.0,968.0522704896622,7.432539939880371,-379.9253845214844,0.0015547763323411345,0.015909241895544362,32.053011655807495,82000.0,328000.0
328,329.0,964.1678249321059,7.496784210205078,-379.90228271484375,-0.0049036904238164425,0.01597914340876685,31.470694541931152,82250.0,329000.0
329,330.0,910.9456201904856,8.504400253295898,-380.03778076171875,0.004366275854408741,0.015989537259020567,31.95844554901123,82500.0,330000.0
330,331.0,948.6861760942481,7.963284015655518,-380.2505187988281,-0.0008809599094092846,0.015929041296963466,31.5916428565979,82750.0,331000.0
331,332.0,954.0011677484252,7.9359941482543945,-380.3385925292969,0.00022361849551089108,0.015982236741938848,31.351787090301514,83000.0,332000.0
332,333.0,930.2529656998514,7.7301530838012695,-380.4771423339844,0.003325176425278187,0.01591954557922961,31.73846936225891,83250.0,333000.0
333,334.0,937.973260947203,8.13500690460205,-380.70562744140625,0.004583905450999737,0.0158593146750518,31.698077917099,83500.0,334000.0
334,335.0,939.1429218468909,7.767780780792236,-380.77386474609375,0.003074006410315633,0.015815049753344936,31.738463878631592,83750.0,335000.0
335,336.0,906.6891893078275,8.053857803344727,-380.884033203125,0.003794689429923892,0.01575738493974472,31.755218505859375,84000.0,336000.0
336,337.0,968.3244820901791,7.696182727813721,-381.17364501953125,0.006123386789113283,0.015685793325307527,31.761748790740967,84250.0,337000.0
337,338.0,936.6010114768692,8.102797508239746,-381.19281005859375,-0.00037669684388674796,0.015605004529742245,31.86963677406311,84500.0,338000.0
338,339.0,990.6480495657623,8.646577835083008,-381.2919921875,0.0006246247212402523,0.015617401077246624,33.93757510185242,84750.0,339000.0
339,340.0,972.5564052570472,7.7490925788879395,-381.3069763183594,0.0011296457378193736,0.015569102584178873,32.09773564338684,85000.0,340000.0
340,341.0,940.0188436988171,8.352615356445312,-381.47296142578125,0.004187458660453558,0.015565266051892268,31.82112765312195,85250.0,341000.0
341,342.0,975.47348406095,8.120808601379395,-381.5976867675781,0.0067040203139185905,0.015471103696718499,31.542596340179443,85500.0,342000.0
342,343.0,987.328458858706,7.871094703674316,-382.048583984375,0.0034270575270056725,0.015357866125760232,32.04231119155884,85750.0,343000.0
343,344.0,946.8084638129609,7.415911674499512,-381.981689453125,0.004259578883647919,0.015283342836480182,31.686551332473755,86000.0,344000.0
344,345.0,976.2375921160948,7.366695404052734,-382.296875,0.00036565199843607843,0.015247757949512072,31.45207118988037,86250.0,345000.0
345,346.0,962.4873450811554,6.955265522003174,-382.2419738769531,-0.006007430609315634,0.015337948657423618,31.878795623779297,86500.0,346000.0
346,347.0,909.718179993617,7.081934452056885,-382.61004638671875,0.003168572438880801,0.01536030031899204,31.99647045135498,86750.0,347000.0
347,348.0,942.1632294308863,7.863892078399658,-382.6708984375,0.0022126720286905766,0.01532477300018453,31.804712533950806,87000.0,348000.0
348,349.0,960.0621416302205,7.071374893188477,-382.58807373046875,0.003621063195168972,0.01524888304554926,31.968716859817505,87250.0,349000.0
349,350.0,928.828257974335,7.652198314666748,-382.7071533203125,0.007011289242655039,0.015148603047736551,31.63413643836975,87500.0,350000.0
350,351.0,971.8285494442712,7.646975040435791,-382.72528076171875,-0.0038634464144706726,0.015112111831123822,31.568711519241333,87750.0,351000.0
351,352.0,861.0784810290992,7.829639434814453,-382.9127502441406,0.011188662610948086,0.015077802880302442,31.617085456848145,88000.0,352000.0
352,353.0,971.888277701371,8.161087989807129,-383.02142333984375,0.005408772267401218,0.014953240544668293,31.708434581756592,88250.0,353000.0
353,354.0,876.4419974748484,7.592630863189697,-383.3553771972656,0.0005058177630417049,0.014923945494792663,31.977259159088135,88500.0,354000.0
354,355.0,936.6184045865512,7.75341796875,-383.3063049316406,0.00847192108631134,0.01483289094139611,31.461937189102173,88750.0,355000.0
355,356.0,975.6728050603416,6.954055309295654,-383.5367431640625,-0.0001481229846831411,0.01473012174206536,31.807279109954834,89000.0,356000.0
356,357.0,965.6428576306214,7.5818095207214355,-383.28741455078125,0.005150760058313608,0.014726669500755235,31.466505765914917,89250.0,357000.0
357,358.0,957.1572671576131,7.445093631744385,-383.6068115234375,0.00884895958006382,0.014645256431054954,31.789368867874146,89500.0,358000.0
358,359.0,940.1884901989927,7.1763458251953125,-383.72540283203125,0.007699313573539257,0.0145005243047778,31.900609731674194,89750.0,359000.0
359,360.0,952.5000010493512,7.452903747558594,-383.884521484375,0.011318293400108814,0.01436234348036614,32.084208726882935,90000.0,360000.0
360,361.0,931.5104259652762,7.562362194061279,-383.7050476074219,0.0044644977897405624,0.014245588375576986,32.15742349624634,90250.0,361000.0
361,362.0,986.290403819953,7.255007743835449,-384.0333557128906,0.005055083893239498,0.014176640140118161,31.51948833465576,90500.0,362000.0
362,363.0,978.8883753059133,7.138846397399902,-383.98516845703125,-0.000906235130969435,0.014122640030483639,31.671179056167603,90750.0,363000.0
363,364.0,970.768833919941,8.226029396057129,-384.2342224121094,0.003994898404926062,0.014103835432571606,31.529649019241333,91000.0,364000.0
364,365.0,886.4178760130651,7.851720809936523,-384.2226257324219,-0.002495573367923498,0.014083507481216445,31.87846827507019,91250.0,365000.0
365,366.0,770.6151960598025,7.271815776824951,-384.2735595703125,0.0033759374637156725,0.01408011864832489,31.73616862297058,91500.0,366000.0
366,367.0,957.4780856074213,7.783482551574707,-384.4442138671875,0.004933753050863743,0.014018985395187722,31.787189483642578,91750.0,367000.0
367,368.0,998.927465816058,7.556742191314697,-384.4729919433594,0.002619435777887702,0.013964442109931956,32.0897262096405,92000.0,368000.0
368,369.0,987.6066594670608,7.402901649475098,-384.62432861328125,0.005505356937646866,0.013897593123384124,31.517717361450195,92250.0,369000.0
369,370.0,952.8955696193093,7.274840831756592,-384.7589111328125,0.0071904417127370834,0.013808234188687398,32.000656604766846,92500.0,370000.0
370,371.0,954.0036721698572,7.3323211669921875,-384.839111328125,-0.0116240493953228,0.013829537594860166,31.81184673309326,92750.0,371000.0
371,372.0,964.3634552561259,7.841810703277588,-385.0679931640625,-0.0009246214758604765,0.01393699396459066,31.666884660720825,93000.0,372000.0
372,373.0,943.5434011927848,7.800717353820801,-385.0751037597656,0.0015130811370909214,0.013908163154082002,31.81084179878235,93250.0,373000.0
373,374.0,971.714861188972,8.013797760009766,-385.1202392578125,0.00799163430929184,0.013851735972633632,31.95180034637451,93500.0,374000.0
374,375.0,897.2802555501121,7.809882164001465,-385.32305908203125,0.0023795173037797213,0.013761888303880579,31.598249673843384,93750.0,375000.0
375,376.0,836.3031260912414,7.267268657684326,-385.25408935546875,0.002683073515072465,0.013734251063637142,32.02364134788513,94000.0,376000.0
376,377.0,968.3475894467067,6.768208980560303,-385.5661926269531,0.007917174138128757,0.013674943124749154,31.62554693222046,94250.0,377000.0
377,378.0,994.9843891031591,7.425600528717041,-385.53778076171875,0.0068704248405992985,0.013566813174931204,32.06020927429199,94500.0,378000.0
378,379.0,974.0934356135633,6.6752753257751465,-385.6231994628906,0.0023106203880161047,0.013449325954406061,31.806732177734375,94750.0,379000.0
379,380.0,970.1553889748324,6.714223861694336,-385.76983642578125,0.004061456304043531,0.013450492284821041,31.636358976364136,95000.0,380000.0
380,381.0,969.9815154856817,7.025751113891602,-385.8187255859375,0.00549338199198246,0.013391474928120022,31.848256587982178,95250.0,381000.0
381,382.0,959.8435864957947,7.864380836486816,-385.7123718261719,0.0027780095115303993,0.013320006445878269,31.45428729057312,95500.0,382000.0
382,383.0,910.3469490270678,6.647022247314453,-385.72235107421875,0.007368003949522972,0.013249267017783029,31.70633578300476,95750.0,383000.0
383,384.0,973.9392806266745,7.401850700378418,-385.78948974609375,0.0037317273672670126,0.013175142317929937,31.730215787887573,96000.0,384000.0
384,385.0,954.5588230127848,7.882824420928955,-385.9112548828125,0.005997193977236748,0.013094306696607914,31.745264530181885,96250.0,385000.0
385,386.0,896.5302177758955,7.910468578338623,-385.8516845703125,0.00214355974458158,0.013035016347839665,31.855359315872192,96500.0,386000.0
386,387.0,930.2757079645867,7.172304630279541,-386.03936767578125,0.006759373005479574,0.012980365112424501,31.57150936126709,96750.0,387000.0
387,388.0,971.1837580156531,7.192512035369873,-386.2512512207031,0.005637513939291239,0.012890439220326646,32.12397789955139,97000.0,388000.0
388,389.0,965.3739152693,7.732211112976074,-386.1919250488281,0.002637802390381694,0.012815158477129324,31.72059440612793,97250.0,389000.0
389,390.0,976.4426921171209,7.60435676574707,-386.4080810546875,0.0068568279966712,0.012745520004704077,31.48427438735962,97500.0,390000.0
390,391.0,994.4567633931485,7.441918849945068,-386.4894714355469,-0.005234934855252504,0.01271570691757336,31.595064401626587,97750.0,391000.0
391,392.0,970.3395238692049,7.613232135772705,-386.5111999511719,0.0018523059552535415,0.012766801807871953,31.795522928237915,98000.0,392000.0
392,393.0,924.882534855405,7.469775199890137,-386.6279602050781,0.0021513821557164192,0.01275166820501161,31.89496111869812,98250.0,393000.0
393,394.0,985.8767234140779,7.056304454803467,-386.6401062011719,-0.0006637658807449043,0.012712583488949304,31.8060200214386,98500.0,394000.0
394,395.0,958.2645139805595,7.260153293609619,-386.6929016113281,0.002585416426882148,0.012709356848823666,34.24678301811218,98750.0,395000.0
395,396.0,883.6417260679432,7.336372375488281,-386.8612976074219,0.010612820275127888,0.01261199846973017,31.865572214126587,99000.0,396000.0
396,397.0,964.7386471141734,7.48442268371582,-386.9566345214844,-0.000865178823005408,0.012531270479341699,31.745355129241943,99250.0,397000.0
397,398.0,943.5796980051105,7.419025421142578,-387.18487548828125,0.003089801874011755,0.01252559507367018,32.171971797943115,99500.0,398000.0
398,399.0,892.7452147684648,7.1769328117370605,-387.1815185546875,0.005858574993908405,0.012459650049535606,31.82470965385437,99750.0,399000.0
399,400.0,881.674480081485,7.367859363555908,-387.1575012207031,0.007888239808380604,0.012371717173348253,31.882643699645996,100000.0,400000.0
400,401.0,991.9837117129443,6.807510852813721,-387.22021484375,0.0076510426588356495,0.012241476404019833,31.3358895778656,100250.0,401000.0
401,402.0,961.0941665689671,6.9197187423706055,-387.45953369140625,0.009839416481554508,0.012135350256039191,31.70153021812439,100500.0,402000.0
402,403.0,965.1846875653837,7.004216194152832,-387.31951904296875,0.0073248459957540035,0.011993840635520912,32.0977509021759,100750.0,403000.0
403,404.0,973.0369652788987,7.138574600219727,-387.6584167480469,0.00619044154882431,0.011898659082470817,31.82822060585022,101000.0,404000.0
404,405.0,925.4337577574456,7.103087902069092,-387.5432434082031,0.0033355015330016613,0.011831833934877242,31.90614128112793,101250.0,405000.0
405,406.0,879.4696975822523,6.9438652992248535,-387.4769287109375,-0.004815865308046341,0.011870224556125745,32.29047608375549,101500.0,406000.0
406,407.0,535.5801517085099,7.089964389801025,-387.4808044433594,0.0019486378878355026,0.011895694918741,31.536221027374268,101750.0,407000.0
407,408.0,955.1409318194932,7.599097728729248,-387.5625,0.004318227991461754,0.011823200633007958,31.947729349136353,102000.0,408000.0
408,409.0,944.6615328601782,7.722737789154053,-387.7417297363281,-0.005268030799925327,0.011847501695766227,31.697300672531128,102250.0,409000.0
409,410.0,958.7079229706839,7.883887767791748,-387.5823669433594,-0.004707345739006996,0.011914025544366599,31.7843337059021,102500.0,410000.0
410,411.0,943.4163068924538,7.099930763244629,-387.76275634765625,0.004635839257389307,0.011911741875336352,31.335325956344604,102750.0,411000.0
411,412.0,975.634753902442,7.5731658935546875,-387.90869140625,-0.009574783965945244,0.011911212086324759,31.309662103652954,103000.0,412000.0
412,413.0,935.1828832217946,7.130424976348877,-387.8316650390625,-0.004376404453068972,0.012075838224818326,32.119624614715576,103250.0,413000.0
413,414.0,963.7810226649732,6.753457069396973,-387.869384765625,-0.0013974751345813274,0.012064459967585723,31.663896322250366,103500.0,414000.0
414,415.0,960.0821643777102,6.737192153930664,-388.076416015625,-0.0007313040550798178,0.012096699816615212,31.86968469619751,103750.0,415000.0
415,416.0,978.3968123503253,6.958089828491211,-387.90008544921875,-0.005899807903915644,0.012168581119234731,31.66467547416687,104000.0,416000.0
416,417.0,951.7954062276763,6.489034175872803,-388.08172607421875,-0.005648314021527767,0.012229669030794319,31.79412055015564,104250.0,417000.0
417,418.0,939.4292729385661,6.353160858154297,-388.2663269042969,-0.009820109233260155,0.012371853009008515,31.810808658599854,104500.0,418000.0
418,419.0,874.961925026047,6.73581075668335,-388.25390625,-0.007946721278131008,0.012440442070559601,31.499287605285645,104750.0,419000.0
419,420.0,945.9615755434203,7.0913166999816895,-388.16705322265625,-0.006336847320199013,0.012531749486664641,31.49612069129944,105000.0,420000.0
420,421.0,944.9001950362756,6.9223809242248535,-388.2359924316406,-0.0010585803538560867,0.012629519969601634,31.717271089553833,105250.0,421000.0
421,422.0,971.668960882889,6.517153739929199,-388.59735107421875,0.00027582055190578103,0.012610966835807745,31.76425313949585,105500.0,422000.0
422,423.0,830.1705857289979,7.466758728027344,-388.3406066894531,0.006628569681197405,0.012567237794688163,31.520577669143677,105750.0,423000.0
423,424.0,954.0011010427772,7.3037567138671875,-388.3710632324219,0.008587638847529888,0.012454309689784619,31.913421869277954,106000.0,424000.0
424,425.0,979.0566678800393,7.307526111602783,-388.4541015625,0.0020173348020762205,0.012387512903218562,31.76872968673706,106250.0,425000.0
425,426.0,976.0311578170745,6.880084991455078,-388.5430603027344,0.006895427126437426,0.012311434840101715,31.964945077896118,106500.0,426000.0
426,427.0,979.690230398232,6.894815921783447,-388.801513671875,-0.016498668119311333,0.012374221579113394,32.046724796295166,106750.0,427000.0
427,428.0,894.0483609746801,7.0992584228515625,-388.6849365234375,-0.008908187970519066,0.012600168086776374,31.590704679489136,107000.0,428000.0
428,429.0,976.2095620040795,7.376362323760986,-388.9933166503906,0.00448450306430459,0.012571079782021228,31.51392102241516,107250.0,429000.0
429,430.0,972.9785269968074,6.849055767059326,-388.7619323730469,-0.008844000287353992,0.01260911688833617,31.799222469329834,107500.0,430000.0
430,431.0,866.5388665559292,6.756891250610352,-388.7784729003906,-0.0010989357251673937,0.012657893727401568,31.806654930114746,107750.0,431000.0
431,432.0,781.1121108822977,7.092379570007324,-388.8594055175781,-0.0060211168602108955,0.012674323466369496,31.56556463241577,108000.0,432000.0
432,433.0,979.4757391647605,6.979778289794922,-389.06103515625,-0.011811588890850544,0.012805746924398276,31.64859914779663,108250.0,433000.0
433,434.0,951.3148042453759,7.256814956665039,-389.1096496582031,-0.00786652322858572,0.012955862913388202,32.17753314971924,108500.0,434000.0
434,435.0,952.6745685032112,6.970122814178467,-389.1440734863281,-0.0027295502368360758,0.013018133464911617,31.672213792800903,108750.0,435000.0
435,436.0,944.1529838610178,6.869965076446533,-389.2120666503906,0.0019772755913436413,0.013019850243013057,31.591840505599976,109000.0,436000.0
436,437.0,914.9413246257288,6.298121929168701,-389.0827331542969,0.005765079520642757,0.012953480465391664,31.34208106994629,109250.0,437000.0
437,438.0,913.232310066094,7.586717128753662,-389.1934814453125,0.007298565935343504,0.012874271362863583,31.602790594100952,109500.0,438000.0
438,439.0,941.1802139986225,7.757055759429932,-389.3498840332031,0.0003939843736588955,0.012819129066219903,31.634336233139038,109750.0,439000.0
439,440.0,928.45126413559,7.142119884490967,-389.3628845214844,0.010499968193471432,0.012756844818552554,31.712016344070435,110000.0,440000.0
440,441.0,970.2142787714408,7.188708782196045,-389.2025451660156,0.006961179431527853,0.012630041308681233,31.507102251052856,110250.0,441000.0
441,442.0,968.2270627795759,6.593235492706299,-389.3294982910156,-0.002873165300115943,0.0126180533048526,31.620137929916382,110500.0,442000.0
442,443.0,977.5510233775466,7.387953281402588,-389.2148132324219,-0.005743372719734907,0.01265950350586036,31.841633558273315,110750.0,443000.0
443,444.0,983.159930106121,7.520076274871826,-389.3693542480469,0.00022312311921268702,0.012713176789728015,31.743122577667236,111000.0,444000.0
444,445.0,941.597258914408,7.560667037963867,-389.5104675292969,-0.0037235149648040533,0.012739282891958269,31.765735387802124,111250.0,445000.0
445,446.0,998.1705240643828,7.523860454559326,-389.5555419921875,0.002174980938434601,0.01273677149760646,31.598573923110962,111500.0,446000.0
446,447.0,911.2000173417438,7.246809482574463,-389.57708740234375,-0.009991496801376343,0.012814421021856566,31.658101320266724,111750.0,447000.0
447,448.0,999.2230127915371,7.420498847961426,-389.6177673339844,0.0017857685452327132,0.012866306876212317,31.55342435836792,112000.0,448000.0
448,449.0,972.6769057091734,7.254202365875244,-389.4224548339844,0.00454872939735651,0.012818724776389517,31.643287181854248,112250.0,449000.0
449,450.0,973.6504536846626,7.0020880699157715,-389.5911560058594,0.0008602211601100862,0.012756639101268622,31.55106472969055,112500.0,450000.0
450,451.0,957.3499761257928,7.2633585929870605,-389.6693420410156,0.005810328293591738,0.012745715163984272,33.72028088569641,112750.0,451000.0
451,452.0,961.3468885902574,7.0499267578125,-389.6073913574219,0.004566108342260122,0.012628438842225578,31.57809591293335,113000.0,452000.0
452,453.0,936.3504705745657,6.954711437225342,-389.98553466796875,-0.004796224180608988,0.012567347074219666,31.71698808670044,113250.0,453000.0
453,454.0,945.1135582779574,7.140120983123779,-389.7953796386719,-0.012618332169950008,0.012777861066604461,32.170746088027954,113500.0,454000.0
454,455.0,940.9462812191146,7.650641441345215,-389.9372253417969,0.008067079819738865,0.012764528283085042,31.531952142715454,113750.0,455000.0
455,456.0,971.5078430679782,7.768266677856445,-390.0601806640625,0.0023305444046854973,0.012709067200679722,31.54513716697693,114000.0,456000.0
456,457.0,961.5581201015208,7.637547016143799,-389.9442138671875,-0.01017000712454319,0.012756032729163775,31.658178567886353,114250.0,457000.0
457,458.0,938.7785894145786,7.495288848876953,-390.0971374511719,-0.008217547088861465,0.012859417895097147,31.678874969482422,114500.0,458000.0
458,459.0,966.9527693094622,7.504619121551514,-390.0990905761719,-0.006837951485067606,0.012956986547247574,31.821660041809082,114750.0,459000.0
459,460.0,980.7924783303883,6.7603068351745605,-390.10546875,0.005281928926706314,0.012971451225372242,31.628316164016724,115000.0,460000.0
460,461.0,966.153999967688,7.157716751098633,-390.2896423339844,-0.006678649690002203,0.01294321785865551,31.74533462524414,115250.0,461000.0
461,462.0,852.8857323574582,6.712791919708252,-390.19482421875,-0.0037466934882104397,0.013039730516848265,31.643566131591797,115500.0,462000.0
462,463.0,846.8196858478943,6.502011775970459,-390.2038879394531,0.007163504604250193,0.013033330979446804,31.845714807510376,115750.0,463000.0
463,464.0,816.878581666035,6.847670555114746,-390.2272644042969,-0.0004782122850883752,0.012960522082419865,31.67120623588562,116000.0,464000.0
464,465.0,970.2909324998991,6.673487186431885,-390.1639404296875,-0.003873475594446063,0.013010081163755486,31.66264319419861,116250.0,465000.0
465,466.0,949.5784046167337,7.467151165008545,-390.3455810546875,-0.007113025523722172,0.013052756377937827,31.381446361541748,116500.0,466000.0
466,467.0,965.7786074389577,7.552292823791504,-390.37969970703125,-0.008493086323142052,0.013192493116858021,31.505870580673218,116750.0,467000.0
467,468.0,979.5777094706588,6.705808639526367,-390.2333984375,0.006858920678496361,0.013176990676538292,31.44132709503174,117000.0,468000.0
468,469.0,973.1823717351938,6.448240756988525,-390.2590637207031,-0.008040579035878181,0.013191486418533125,31.697655200958252,117250.0,469000.0
469,470.0,881.5174050385377,6.8821024894714355,-390.3736267089844,-0.0026776029262691736,0.013252299656420745,31.640129327774048,117500.0,470000.0
470,471.0,978.7080106271047,7.242236137390137,-390.5325622558594,0.0036632814444601536,0.01324479677577101,31.71571397781372,117750.0,471000.0
471,472.0,941.5266409042052,7.095819473266602,-390.4390869140625,0.006444635801017284,0.013184326626066745,31.713866710662842,118000.0,472000.0
472,473.0,933.2826334220937,6.9528703689575195,-390.4173889160156,0.0053938692435622215,0.013105597304150701,31.5051326751709,118250.0,473000.0
473,474.0,988.7143329032691,7.056629180908203,-390.327392578125,-0.0026318752206861973,0.013092721794019222,31.435760974884033,118500.0,474000.0
474,475.0,865.5175935068643,6.974156379699707,-390.47174072265625,0.0001381710171699524,0.01310140493091913,31.604411363601685,118750.0,475000.0
475,476.0,978.3473653405399,7.453258991241455,-390.5554504394531,-0.013368483632802963,0.01320099196158339,31.644088745117188,119000.0,476000.0
476,477.0,966.4126384381709,6.916453838348389,-390.5353088378906,-0.006727822590619326,0.01334010785332648,31.37642788887024,119250.0,477000.0
477,478.0,973.7516133388463,7.437619209289551,-390.5959777832031,-0.015988623723387718,0.013512833241931024,31.65817880630493,119500.0,478000.0
478,479.0,994.328318088252,7.275956630706787,-390.6035461425781,-0.010760367847979069,0.013646695398880025,31.40938687324524,119750.0,479000.0
479,480.0,980.7863575480168,6.912117004394531,-390.5495910644531,-0.011649757623672485,0.013798126731588726,31.450345754623413,120000.0,480000.0
480,481.0,945.6096032681723,6.634171009063721,-390.50531005859375,0.00832497887313366,0.013808924907924874,31.450038194656372,120250.0,481000.0
481,482.0,929.8522324583857,7.371815204620361,-390.6513977050781,-0.0024350376334041357,0.013769044322279529,31.651180744171143,120500.0,482000.0
482,483.0,991.7067076205501,6.504618167877197,-390.873779296875,0.005347518250346184,0.013751019407415422,31.602428913116455,120750.0,483000.0
483,484.0,990.7517579540249,6.346950531005859,-390.6785583496094,0.005349453072994947,0.013696347014562104,31.414734363555908,121000.0,484000.0
484,485.0,862.8278742832151,6.702986717224121,-390.7525329589844,0.005003847181797028,0.01357326164531344,31.58656120300293,121250.0,485000.0
485,486.0,875.0795012874866,6.7096171379089355,-390.76348876953125,-0.0010594300692901015,0.013588736152240214,31.51773238182068,121500.0,486000.0
486,487.0,968.057007853517,6.713549613952637,-390.70233154296875,-0.00614643981680274,0.013631874328772378,31.59266996383667,121750.0,487000.0
487,488.0,909.7922638200009,7.1508378982543945,-390.8288879394531,0.0008532078936696053,0.013633348082750863,31.52824831008911,122000.0,488000.0
488,489.0,958.8457720494796,7.197215557098389,-390.92095947265625,-0.0051571764051914215,0.013665778117408765,31.63837456703186,122250.0,489000.0
489,490.0,979.4504225928016,7.429197311401367,-391.0037536621094,-0.0004357786965556443,0.013717382334893917,32.383862018585205,122500.0,490000.0
490,491.0,970.0319757193902,7.208773612976074,-391.0957946777344,-0.007770173717290163,0.013796629651582652,31.519343852996826,122750.0,491000.0
491,492.0,941.169583654131,7.544284343719482,-391.0228576660156,0.0022229470778256655,0.01381880647348212,31.32353973388672,123000.0,492000.0
492,493.0,896.7854571011943,7.602919101715088,-391.2744445800781,0.009631440043449402,0.013744836570087843,31.53218936920166,123250.0,493000.0
493,494.0,969.3284647350561,6.949899196624756,-391.04730224609375,0.00470658577978611,0.013645368851043718,31.343695402145386,123500.0,494000.0
494,495.0,981.4662402972515,7.112183570861816,-391.06988525390625,0.008251768536865711,0.013560193158640599,31.50054955482483,123750.0,495000.0
495,496.0,956.7779503653992,6.651142120361328,-391.2139892578125,-0.00135910720564425,0.013485195647906331,31.560463905334473,124000.0,496000.0
496,497.0,919.2984960420887,6.781537055969238,-391.1382141113281,0.007349944207817316,0.013452329293899092,31.55810856819153,124250.0,497000.0
497,498.0,978.1551148355252,6.508439064025879,-391.38531494140625,0.0012452687369659543,0.013387349819465008,31.358957052230835,124500.0,498000.0
498,499.0,976.9268176478733,6.640902519226074,-391.2414245605469,-0.007759774103760719,0.013445087127600973,31.60034728050232,124750.0,499000.0
499,500.0,961.3064493472278,6.8831377029418945,-391.234619140625,-0.006623057182878256,0.013547063575039466,31.865206003189087,125000.0,500000.0
